item,articleDE,articleEN,location,distance,lat,lon,sitelinks,thing,itemLabel,thingLabel
http://www.wikidata.org/entity/Q1188,https://de.wikipedia.org/wiki/Madhya_Pradesh,https://en.wikipedia.org/wiki/Madhya_Pradesh,Point(77.417 23.25),1.8,23.25,77.417,137,http://www.wikidata.org/entity/Q12443800,Madhya Pradesh,state of India
http://www.wikidata.org/entity/Q80989,https://de.wikipedia.org/wiki/Bhopal,https://en.wikipedia.org/wiki/Bhopal,Point(77.416666666 23.25),1.772,23.25469,77.40289,113,http://www.wikidata.org/entity/Q1549591,Bhopal,big city
http://www.wikidata.org/entity/Q80989,https://de.wikipedia.org/wiki/Bhopal,https://en.wikipedia.org/wiki/Bhopal,Point(77.40289 23.25469),0.432,23.25469,77.40289,113,http://www.wikidata.org/entity/Q1549591,Bhopal,big city
http://www.wikidata.org/entity/Q80989,https://de.wikipedia.org/wiki/Bhopal,https://en.wikipedia.org/wiki/Bhopal,Point(77.416666666 23.25),1.772,23.25,77.416666666667,113,http://www.wikidata.org/entity/Q1549591,Bhopal,big city
http://www.wikidata.org/entity/Q80989,https://de.wikipedia.org/wiki/Bhopal,https://en.wikipedia.org/wiki/Bhopal,Point(77.40289 23.25469),0.432,23.25,77.416666666667,113,http://www.wikidata.org/entity/Q1549591,Bhopal,big city
http://www.wikidata.org/entity/Q129029,https://de.wikipedia.org/wiki/Katastrophe_von_Bhopal,https://en.wikipedia.org/wiki/Bhopal_disaster,Point(77.410555555 23.280833333),2.634,23.280833333333,77.410555555556,64,http://www.wikidata.org/entity/Q977367,Bhopal disaster,chemical accident
http://www.wikidata.org/entity/Q7285421,https://de.wikipedia.org/wiki/Flughafen_Bhopal,https://en.wikipedia.org/wiki/Raja_Bhoj_Airport,Point(77.3375 23.2875),7.335,23.2875,77.3375,24,http://www.wikidata.org/entity/Q1248784,Raja Bhoj Airport,airport
http://www.wikidata.org/entity/Q7285421,https://de.wikipedia.org/wiki/Flughafen_Bhopal,https://en.wikipedia.org/wiki/Raja_Bhoj_Airport,Point(77.3375 23.2875),7.335,23.2875,77.3375,24,http://www.wikidata.org/entity/Q94993988,Raja Bhoj Airport,commercial traffic aerodrome
http://www.wikidata.org/entity/Q855044,https://de.wikipedia.org/wiki/Bhopal_(Staat),https://en.wikipedia.org/wiki/Bhopal_State,Point(77.4 23.25),0.965,23.25,77.4,18,http://www.wikidata.org/entity/Q10711424,Bhopal State,state with limited recognition
http://www.wikidata.org/entity/Q2446436,https://de.wikipedia.org/wiki/Mandideep,https://en.wikipedia.org/wiki/Mandideep,Point(77.518055555 23.094444444),21.759,23.094444444444,77.518055555556,18,http://www.wikidata.org/entity/Q486972,Mandideep,human settlement
http://www.wikidata.org/entity/Q3514109,https://de.wikipedia.org/wiki/Taj-ul_Masjid,https://en.wikipedia.org/wiki/Taj-ul-Masajid,Point(77.3928 23.2629),1.059,23.2629,77.3928,18,http://www.wikidata.org/entity/Q32815,Taj-ul-Masajid,mosque
http://www.wikidata.org/entity/Q4100821,https://de.wikipedia.org/wiki/Bhopal_(Bundesstaat),https://en.wikipedia.org/wiki/Bhopal_State_(1949%E2%80%931956),Point(77.4 23.25),0.965,23.25,77.4,12,http://www.wikidata.org/entity/Q12443800,Bhopal State (1949–1956),state of India
http://www.wikidata.org/entity/Q855054,https://de.wikipedia.org/wiki/Bhopal_(Division),https://en.wikipedia.org/wiki/Bhopal_division,Point(77.41666667 23.25),1.772,23.25,77.41666667,11,http://www.wikidata.org/entity/Q124669069,Bhopal division,division of Madhya Pradesh
http://www.wikidata.org/entity/Q3373052,https://de.wikipedia.org/wiki/Bhojpur_(Madhya_Pradesh),"https://en.wikipedia.org/wiki/Bhojpur,_Madhya_Pradesh",Point(77.595277777 23.115),25.393,23.115,77.595277777778,11,http://www.wikidata.org/entity/Q3957,"Bhojpur, Madhya Pradesh",town
http://www.wikidata.org/entity/Q24951898,,https://en.wikipedia.org/wiki/Bhojeshwar_Temple,Point(77.5797 23.1003),25.285,23.1003,77.5797,11,http://www.wikidata.org/entity/Q842402,Bhojeshwar Temple,Hindu temple
http://www.wikidata.org/entity/Q3092357,,https://en.wikipedia.org/wiki/Van_Vihar_National_Park,Point(77.36977 23.22948),4.608,23.22948,77.36977,10,http://www.wikidata.org/entity/Q46169,Van Vihar National Park,national park
http://www.wikidata.org/entity/Q4901916,,https://en.wikipedia.org/wiki/Bhojtal,Point(77.34 23.25),6.402,23.25,77.34,10,http://www.wikidata.org/entity/Q23397,Bhojtal,lake
http://www.wikidata.org/entity/Q4902006,,https://en.wikipedia.org/wiki/Habibganj_railway_station,Point(77.439429 23.221979),5.578,23.221979,77.439429,10,http://www.wikidata.org/entity/Q22808404,Rani Kamalapati railway station,station located on surface
http://www.wikidata.org/entity/Q4902006,,https://en.wikipedia.org/wiki/Habibganj_railway_station,Point(77.439429 23.221979),5.578,23.221979,77.439429,10,http://www.wikidata.org/entity/Q55488,Rani Kamalapati railway station,railway station
http://www.wikidata.org/entity/Q6792425,,https://en.wikipedia.org/wiki/Maulana_Azad_National_Institute_of_Technology,Point(77.40829444 23.21555556),4.817,23.21555556,77.40829444,9,http://www.wikidata.org/entity/Q1663017,"Maulana Azad National Institute of Technology, Bhopal",engineering school
http://www.wikidata.org/entity/Q4902004,,https://en.wikipedia.org/wiki/Bhopal_Junction_railway_station,Point(77.413142857 23.266884384),1.473,23.2668843843,77.4131428577,8,http://www.wikidata.org/entity/Q55488,Bhopal Junction railway station,railway station
http://www.wikidata.org/entity/Q15643496,,https://en.wikipedia.org/wiki/Atal_Bihari_Vajpayee_Hindi_Vishwavidyalaya,Point(77.419969444 23.167397222),10.293,23.167397222222,77.419969444444,8,http://www.wikidata.org/entity/Q3918,Atal Bihari Vajpayee Hindi University,university
http://www.wikidata.org/entity/Q6025006,,https://en.wikipedia.org/wiki/Indira_Gandhi_Rashtriya_Manav_Sangrahalaya,Point(77.37761 23.232279),3.833,23.232279,77.37761,6,http://www.wikidata.org/entity/Q5473425,Indira Gandhi Rashtriya Manav Sangrahalaya,anthropology museum
http://www.wikidata.org/entity/Q6025006,,https://en.wikipedia.org/wiki/Indira_Gandhi_Rashtriya_Manav_Sangrahalaya,Point(77.37761 23.232279),3.833,23.232279,77.37761,6,http://www.wikidata.org/entity/Q17431399,Indira Gandhi Rashtriya Manav Sangrahalaya,national museum
http://www.wikidata.org/entity/Q15177601,,"https://en.wikipedia.org/wiki/All_India_Institute_of_Medical_Sciences,_Bhopal",Point(77.460161111 23.206758333),8.271,23.206758333333,77.460161111111,6,http://www.wikidata.org/entity/Q494230,"All India Institute of Medical Sciences, Bhopal",medical school
http://www.wikidata.org/entity/Q15177601,,"https://en.wikipedia.org/wiki/All_India_Institute_of_Medical_Sciences,_Bhopal",Point(77.460161111 23.206758333),8.271,23.206758333333,77.460161111111,6,http://www.wikidata.org/entity/Q38723,"All India Institute of Medical Sciences, Bhopal",higher education institution
http://www.wikidata.org/entity/Q7676724,https://de.wikipedia.org/wiki/Taj-Mahal-Palast,https://en.wikipedia.org/wiki/Taj_Mahal_(palace),Point(77.4167 23.2499),1.78,23.2499,77.4167,6,http://www.wikidata.org/entity/Q16560,Taj Mahal Palace,palace
http://www.wikidata.org/entity/Q2767116,,https://en.wikipedia.org/wiki/Bharat_Bhavan,Point(77.39233 23.247024),1.612,23.247024,77.39233,5,http://www.wikidata.org/entity/Q33506,Bharat Bhavan,museum
http://www.wikidata.org/entity/Q4860912,,https://en.wikipedia.org/wiki/Barkatullah_University,Point(77.45591 23.20253),8.31,23.20253,77.45591,5,http://www.wikidata.org/entity/Q3918,Barkatullah University,university
http://www.wikidata.org/entity/Q4901892,,https://en.wikipedia.org/wiki/Bhoj_Wetland,Point(77.34 23.25),6.402,23.25,77.34,5,http://www.wikidata.org/entity/Q23397,Bhoj Wetland,lake
http://www.wikidata.org/entity/Q6020697,,"https://en.wikipedia.org/wiki/Indian_Institute_of_Science_Education_and_Research,_Bhopal",Point(77.275713888 23.28835),13.319,23.28835,77.275713888889,5,http://www.wikidata.org/entity/Q15936437,"Indian Institute of Science Education and Research, Bhopal",research university
http://www.wikidata.org/entity/Q6739364,,https://en.wikipedia.org/wiki/Makhanlal_Chaturvedi_National_University_of_Journalism_and_Communication,Point(77.431391666 23.238344444),3.747,23.238344444444,77.431391666667,5,http://www.wikidata.org/entity/Q352102,Makhanalal Chaturvedi National University of Journalism and Communication,journalism school
http://www.wikidata.org/entity/Q3595325,,https://en.wikipedia.org/wiki/Advanced_Materials_and_Processes_Research_Institute,Point(77.446008 23.210803),6.952,23.210803,77.446008,4,http://www.wikidata.org/entity/Q31855,Advanced Materials and Processes Research Institute,research institute
http://www.wikidata.org/entity/Q5520704,,"https://en.wikipedia.org/wiki/Gandhi_Medical_College,_Bhopal",Point(77.3906 23.2602),1.179,23.2602,77.3906,4,http://www.wikidata.org/entity/Q189004,Gandhi Medical College,college
http://www.wikidata.org/entity/Q5520704,,"https://en.wikipedia.org/wiki/Gandhi_Medical_College,_Bhopal",Point(77.3906 23.2602),1.179,23.2602,77.3906,4,http://www.wikidata.org/entity/Q17072837,Gandhi Medical College,medical college in India
http://www.wikidata.org/entity/Q6082898,,"https://en.wikipedia.org/wiki/Islamnagar,_Bhopal",Point(77.41666667 23.35),10.285,23.35,77.41666667,4,http://www.wikidata.org/entity/Q56436498,Islamnagar,village in India
http://www.wikidata.org/entity/Q6727595,,https://en.wikipedia.org/wiki/Madhya_Pradesh_Bhoj_Open_University,Point(77.412905555 23.193211111),7.343,23.193211111111,77.412905555556,4,http://www.wikidata.org/entity/Q3918,Madhya Pradesh Bhoj Open University,university
http://www.wikidata.org/entity/Q6974025,,"https://en.wikipedia.org/wiki/National_Law_Institute_University,_Bhopal",Point(77.36333333 23.18705556),8.87,23.18705556,77.36333333,4,http://www.wikidata.org/entity/Q3918,National Law Institute University,university
http://www.wikidata.org/entity/Q27963272,,https://en.wikipedia.org/wiki/Kamlapati_Palace,Point(77.39791944 23.25094444),0.936,23.25094444,77.39791944,4,http://www.wikidata.org/entity/Q16560,Kamlapati palace,palace
http://www.wikidata.org/entity/Q27963272,,https://en.wikipedia.org/wiki/Kamlapati_Palace,Point(77.39791944 23.25094444),0.936,23.25094444,77.39791944,4,http://www.wikidata.org/entity/Q41176,Kamlapati palace,building
http://www.wikidata.org/entity/Q29966796,,"https://en.wikipedia.org/wiki/Regional_Museum_of_Natural_History,_Bhopal",Point(77.426155 23.213743),5.554,23.213743,77.426155,4,http://www.wikidata.org/entity/Q33506,"Regional Museum of Natural History, Bhopal",museum
http://www.wikidata.org/entity/Q111569741,,"https://en.wikipedia.org/wiki/State_Museum,_Bhopal",Point(77.3853645 23.235444),3.074,23.235444,77.3853645,4,http://www.wikidata.org/entity/Q33506,"State Museum, Bhopal",museum
http://www.wikidata.org/entity/Q3783811,,https://en.wikipedia.org/wiki/Indian_Institute_of_Forest_Management,Point(77.3844 23.2084),5.852,23.2084,77.3844,3,http://www.wikidata.org/entity/Q3918,Indian Institute of Forest Management,university
http://www.wikidata.org/entity/Q4699164,,https://en.wikipedia.org/wiki/Aishbagh_Stadium,Point(77.420525 23.25572),1.918,23.25572,77.420525,3,http://www.wikidata.org/entity/Q483110,Aishbagh Stadium,stadium
http://www.wikidata.org/entity/Q4789063,,https://en.wikipedia.org/wiki/Arera_Colony,Point(77.432905555 23.211180555),6.135,23.211180555556,77.432905555556,3,http://www.wikidata.org/entity/Q486972,Arera Colony,human settlement
http://www.wikidata.org/entity/Q4901997,,https://en.wikipedia.org/wiki/Sant_Hirdaram_Nagar_railway_station,Point(77.33622 23.2736072),6.925,23.2736072,77.33622,3,http://www.wikidata.org/entity/Q22808404,Sant Hirdaram Nagar railway station,station located on surface
http://www.wikidata.org/entity/Q4901997,,https://en.wikipedia.org/wiki/Sant_Hirdaram_Nagar_railway_station,Point(77.33622 23.2736072),6.925,23.2736072,77.33622,3,http://www.wikidata.org/entity/Q55488,Sant Hirdaram Nagar railway station,railway station
http://www.wikidata.org/entity/Q5028415,,"https://en.wikipedia.org/wiki/Campion_School,_Bhopal",Point(77.429703 23.204432),6.644,23.204432,77.429703,3,http://www.wikidata.org/entity/Q3914,"Campion School, Bhopal",school
http://www.wikidata.org/entity/Q6693559,,https://en.wikipedia.org/wiki/Lower_Lake_(Bhopal),Point(77.405775491 23.247798025),1.25,23.247798025252,77.405775491281,3,http://www.wikidata.org/entity/Q23397,"Lower Lake, Bhopal",lake
http://www.wikidata.org/entity/Q7285263,,"https://en.wikipedia.org/wiki/Raj_Bhavan,_Bhopal",Point(77.40325 23.240647),1.988,23.240647,77.40325,3,http://www.wikidata.org/entity/Q41176,Raj Bhavan,building
http://www.wikidata.org/entity/Q7309144,,"https://en.wikipedia.org/wiki/Regional_Science_Centre,_Bhopal",Point(77.412615 23.259933),1.097,23.259933,77.412615,3,http://www.wikidata.org/entity/Q33506,"Regional Science Centre, Bhopal",museum
http://www.wikidata.org/entity/Q18109451,,"https://en.wikipedia.org/wiki/Rabindranath_Tagore_University,_Bhopal",Point(77.564305 23.134273),21.586,23.134273,77.564305,3,http://www.wikidata.org/entity/Q3918,AISECT University,university
http://www.wikidata.org/entity/Q24911068,,https://en.wikipedia.org/wiki/Samaspura,Point(77.312325 23.114245),18.472,23.114245,77.312325,3,http://www.wikidata.org/entity/Q56436498,Samaspura,village in India
http://www.wikidata.org/entity/Q24911112,,https://en.wikipedia.org/wiki/Mali_Khedi,Point(77.304835 23.197644),12.013,23.197644,77.304835,3,http://www.wikidata.org/entity/Q56436498,Mali Khedi,village in India
http://www.wikidata.org/entity/Q24911402,,"https://en.wikipedia.org/wiki/Chhan,_Bhopal",Point(77.499404 23.147206),15.881,23.147206,77.499404,3,http://www.wikidata.org/entity/Q56436498,"Chhan, Bhopal",village in India
http://www.wikidata.org/entity/Q24911849,,"https://en.wikipedia.org/wiki/Mendora,_Bhopal",Point(77.369663 23.174307),9.926,23.174307,77.369663,3,http://www.wikidata.org/entity/Q56436498,"Mendora, Bhopal",village in India
http://www.wikidata.org/entity/Q24913183,,https://en.wikipedia.org/wiki/Karondiya,Point(77.3410569 23.4319023),20.261,23.4319023,77.3410569,3,http://www.wikidata.org/entity/Q56436498,Karondiya,village in India
http://www.wikidata.org/entity/Q24928949,,https://en.wikipedia.org/wiki/Untkheda,Point(77.43704796 23.5123671),28.455,23.5123671,77.43704796,3,http://www.wikidata.org/entity/Q56436498,Untkheda,village in India
http://www.wikidata.org/entity/Q24928952,,https://en.wikipedia.org/wiki/Bagraj,Point(77.4558554 23.5114791),28.662,23.5114791,77.4558554,3,http://www.wikidata.org/entity/Q56436498,Bagraj,village in India
http://www.wikidata.org/entity/Q25247675,,https://en.wikipedia.org/wiki/Nandni,Point(77.2606305 23.1913237),16.26,23.1913237,77.2606305,3,http://www.wikidata.org/entity/Q56436498,Nandni,village in India
http://www.wikidata.org/entity/Q27962556,,https://en.wikipedia.org/wiki/Kerwa_Dam,Point(77.365169 23.174235),10.095,23.174235,77.365169,3,http://www.wikidata.org/entity/Q12323,Kerwa dam,dam
http://www.wikidata.org/entity/Q28154135,,https://en.wikipedia.org/wiki/Golghar_Museum,Point(77.390192 23.268092),1.61,23.268092,77.390192,3,http://www.wikidata.org/entity/Q33506,Golghar Museum,museum
http://www.wikidata.org/entity/Q28154191,,"https://en.wikipedia.org/wiki/St_Joseph%27s_Co-Ed_School,_Bhopal",Point(77.438149 23.209642),6.568,23.209642,77.438149,3,http://www.wikidata.org/entity/Q3914,"St. Joseph's Co-Ed School, Bhopal",school
http://www.wikidata.org/entity/Q4861014,,"https://en.wikipedia.org/wiki/Barkheda,_Bhopal",Point(77.467777777 23.219166666),8.018,23.219166666667,77.467777777778,2,http://www.wikidata.org/entity/Q486972,"Barkheda, Bhopal",human settlement
http://www.wikidata.org/entity/Q4900513,,https://en.wikipedia.org/wiki/Bhadbhada_Dam,Point(77.37888889 23.20833333),6.055,23.20833333,77.37888889,2,http://www.wikidata.org/entity/Q12323,Bhadbhada Dam,dam
http://www.wikidata.org/entity/Q4901998,,https://en.wikipedia.org/wiki/Bhadbhada_Ghat_railway_station,Point(77.535282 23.375165),18.803,23.375165,77.535282,2,http://www.wikidata.org/entity/Q55488,Bhopal Bhadbhada Ghat,railway station
http://www.wikidata.org/entity/Q5204435,,https://en.wikipedia.org/wiki/DB_City_Mall,Point(77.429 23.233),3.955,23.233,77.429,2,http://www.wikidata.org/entity/Q11315,DB City Mall,shopping center
http://www.wikidata.org/entity/Q5297482,,"https://en.wikipedia.org/wiki/Doraha,_Sehore",Point(77.16638889 23.38666667),27.961,23.38666667,77.16638889,2,http://www.wikidata.org/entity/Q56436498,"Doraha, Sehore",village in India
http://www.wikidata.org/entity/Q5589930,,"https://en.wikipedia.org/wiki/Govindpura,_Bhopal",Point(77.447777777 23.209444444),7.185,23.209444444444,77.447777777778,2,http://www.wikidata.org/entity/Q486972,"Govindpura, Bhopal",human settlement
http://www.wikidata.org/entity/Q5641066,,https://en.wikipedia.org/wiki/Halali_Reservoir,Point(77.5 23.33333333),13.017,23.33333333,77.5,2,http://www.wikidata.org/entity/Q131681,Halali Reservoir,reservoir
http://www.wikidata.org/entity/Q6026989,,https://en.wikipedia.org/wiki/Indrapuri,Point(77.461944444 23.251944444),6.168,23.251944444444,77.461944444444,2,http://www.wikidata.org/entity/Q486972,Indrapuri,human settlement
http://www.wikidata.org/entity/Q6875953,,https://en.wikipedia.org/wiki/Misrod,Point(77.468333333 23.160833333),12.801,23.160833333333,77.468333333333,2,http://www.wikidata.org/entity/Q486972,Misrod,human settlement
http://www.wikidata.org/entity/Q6888245,,"https://en.wikipedia.org/wiki/Model_Higher_Secondary_School,_TT_Nagar,_Bhopal",Point(77.396382 23.231507),3.054,23.231507,77.396382,2,http://www.wikidata.org/entity/Q3914,"Model Higher Secondary School, TT Nagar, Bhopal",school
http://www.wikidata.org/entity/Q7197446,,https://en.wikipedia.org/wiki/Piplani,Point(77.468611111 23.246944444),6.926,23.246944444444,77.468611111111,2,http://www.wikidata.org/entity/Q486972,Piplani,human settlement
http://www.wikidata.org/entity/Q7286212,,https://en.wikipedia.org/wiki/Rajiv_Gandhi_National_Cyber_Law_Center,Point(77.363148 23.187233),8.861,23.187233,77.363148,2,http://www.wikidata.org/entity/Q4671277,Rajiv Gandhi National Cyber Law Center,academic institution
http://www.wikidata.org/entity/Q7288882,,https://en.wikipedia.org/wiki/Raman_School_Bhopal,Point(77.447752 23.242569),4.999,23.242569,77.447752,2,http://www.wikidata.org/entity/Q3914,Raman School Bhopal,school
http://www.wikidata.org/entity/Q7402908,,https://en.wikipedia.org/wiki/Saket_Nagar,Point(77.447777777 23.209444444),7.185,23.209444444444,77.447777777778,2,http://www.wikidata.org/entity/Q486972,Saket Nagar,human settlement
http://www.wikidata.org/entity/Q7409037,,https://en.wikipedia.org/wiki/Sambhavna_Trust_Clinic,Point(77.4027167 23.2811),2.516,23.2811,77.4027167,2,http://www.wikidata.org/entity/Q16917,Sambhavna Trust,hospital
http://www.wikidata.org/entity/Q7419004,,https://en.wikipedia.org/wiki/The_Sanskaar_Valley_School,Point(77.38 23.183),8.689,23.183,77.38,2,http://www.wikidata.org/entity/Q3914,Sanskaar Valley School,school
http://www.wikidata.org/entity/Q7589159,,"https://en.wikipedia.org/wiki/St_Joseph%27s_Convent_School,_Bhopal",Point(77.385651 23.266825),1.909,23.266825,77.385651,2,http://www.wikidata.org/entity/Q3914,"St. Joseph's Convent School, Bhopal",school
http://www.wikidata.org/entity/Q15614434,,"https://en.wikipedia.org/wiki/School_of_Planning_and_Architecture,_Bhopal",Point(77.26925 23.299738888),14.313,23.299738888889,77.26925,2,http://www.wikidata.org/entity/Q3918,"School of Planning and Architecture, Bhopal",university
http://www.wikidata.org/entity/Q16878671,,https://en.wikipedia.org/wiki/Harrakheda,Point(77.4063625 23.5154862),28.579,23.5154862,77.4063625,2,http://www.wikidata.org/entity/Q56436498,Harrakheda,village in India
http://www.wikidata.org/entity/Q18712513,,https://en.wikipedia.org/wiki/RKDF_University,Point(77.355788888 23.311186111),7.523,23.311186111111,77.355788888889,2,http://www.wikidata.org/entity/Q3918,RKDF University,university
http://www.wikidata.org/entity/Q20950043,,https://en.wikipedia.org/wiki/Dehriya_Kalan,Point(77.244825 23.153875),19.831,23.153875,77.244825,2,http://www.wikidata.org/entity/Q56436498,Dehriya Kalan,village in India
http://www.wikidata.org/entity/Q21810668,,https://en.wikipedia.org/wiki/Chopda_Kalan,Point(77.4572897 23.319959),8.867,23.319959,77.4572897,2,http://www.wikidata.org/entity/Q56436498,Chopda Kalan,village in India
http://www.wikidata.org/entity/Q21993910,,https://en.wikipedia.org/wiki/Samarda_Kaliyasot,Point(77.503701 23.115792),18.968,23.115792,77.503701,2,http://www.wikidata.org/entity/Q56436498,Samarda Kaliyasot,village in India
http://www.wikidata.org/entity/Q22227115,,https://en.wikipedia.org/wiki/Bagarauda,Point(77.5375794 23.1625145),17.489,23.1625145,77.5375794,2,http://www.wikidata.org/entity/Q56436498,Bagarauda,village in India
http://www.wikidata.org/entity/Q24908460,,https://en.wikipedia.org/wiki/Rasooliya_Pathar,Point(77.246134 23.325292),17.565,23.325292,77.246134,2,http://www.wikidata.org/entity/Q56436498,Rasooliya Pathar,village in India
http://www.wikidata.org/entity/Q24908461,,"https://en.wikipedia.org/wiki/Kalapani,_Bhopal",Point(77.385645 23.090863),18.713,23.090863,77.385645,2,http://www.wikidata.org/entity/Q56436498,"Kalapani, Bhopal",village in India
http://www.wikidata.org/entity/Q24908469,,https://en.wikipedia.org/wiki/Barkheda_Nathu,Point(77.325581 23.208809),9.563,23.208809,77.325581,2,http://www.wikidata.org/entity/Q56436498,Barkheda Nathu,village in India
http://www.wikidata.org/entity/Q24908512,,https://en.wikipedia.org/wiki/Lamba_Kheda,Point(77.403966 23.326331),7.546,23.326331,77.403966,2,http://www.wikidata.org/entity/Q56436498,Lamba Kheda,village in India
http://www.wikidata.org/entity/Q24908523,,https://en.wikipedia.org/wiki/Barkhedi_Abdulla,Point(77.494868 23.387006),17.151,23.387006,77.494868,2,http://www.wikidata.org/entity/Q56436498,Barkhedi Abdulla,village in India
http://www.wikidata.org/entity/Q24908531,,https://en.wikipedia.org/wiki/Int_Khedichhap,Point(77.26665 23.227823),14.241,23.227823,77.26665,2,http://www.wikidata.org/entity/Q56436498,Int Khedichhap,village in India
http://www.wikidata.org/entity/Q24908535,,https://en.wikipedia.org/wiki/Jamoniyachhir,Point(77.28472 23.260144),11.981,23.260144,77.28472,2,http://www.wikidata.org/entity/Q56436498,Jamoniyachhir,village in India
http://www.wikidata.org/entity/Q24908786,,https://en.wikipedia.org/wiki/Padli,Point(77.190532 23.192191),22.829,23.192191,77.190532,2,http://www.wikidata.org/entity/Q56436498,Padli,village in India
http://www.wikidata.org/entity/Q24908823,,https://en.wikipedia.org/wiki/Jhirniya,Point(77.239004 23.352865),19.676,23.352865,77.239004,2,http://www.wikidata.org/entity/Q56436498,Jhirniya,village in India
http://www.wikidata.org/entity/Q24908882,,"https://en.wikipedia.org/wiki/Hinotiya_Jagir,_Huzur",Point(77.389087 23.399403),15.724,23.399403,77.389087,2,http://www.wikidata.org/entity/Q56436498,"Hinotiya Jagir, Huzur",village in India
http://www.wikidata.org/entity/Q24908885,,"https://en.wikipedia.org/wiki/Kanera,_Huzur",Point(77.450134 23.422503),18.888,23.422503,77.450134,2,http://www.wikidata.org/entity/Q56436498,"Kanera, Huzur",village in India
http://www.wikidata.org/entity/Q24910753,,https://en.wikipedia.org/wiki/Pipaliya_Rani,Point(77.499273 23.109907),19.282,23.109907,77.499273,2,http://www.wikidata.org/entity/Q56436498,Pipaliya Rani,village in India
http://www.wikidata.org/entity/Q24910768,,https://en.wikipedia.org/wiki/Bavali_Kheda,Point(77.341493 23.098804),18.801,23.098804,77.341493,2,http://www.wikidata.org/entity/Q56436498,Bavali Kheda,village in India
http://www.wikidata.org/entity/Q24910971,,https://en.wikipedia.org/wiki/Bhoj_Nagar,Point(77.453777 23.112603),17.062,23.112603,77.453777,2,http://www.wikidata.org/entity/Q56436498,Bhoj Nagar,village in India
http://www.wikidata.org/entity/Q24910992,,https://en.wikipedia.org/wiki/Shobhapur_Jahej,Point(77.433322 23.101297),17.769,23.101297,77.433322,2,http://www.wikidata.org/entity/Q56436498,Shobhapur Jahej,village in India
http://www.wikidata.org/entity/Q24910993,,https://en.wikipedia.org/wiki/Sewaniya,Point(77.468492 23.110034),17.851,23.110034,77.468492,2,http://www.wikidata.org/entity/Q56436498,Sewaniya,village in India
http://www.wikidata.org/entity/Q24911011,,"https://en.wikipedia.org/wiki/Maksi,_Bhopal",Point(77.497266 23.153125),15.233,23.153125,77.497266,2,http://www.wikidata.org/entity/Q56436498,Maksi,village in India
http://www.wikidata.org/entity/Q24911013,,https://en.wikipedia.org/wiki/Amrabad_Kalan,Point(77.438643 23.1121386),16.698,23.1121386,77.438643,2,http://www.wikidata.org/entity/Q56436498,Amrabad Kalan,village in India
http://www.wikidata.org/entity/Q24911038,,https://en.wikipedia.org/wiki/Mahawadiya,Point(77.395292 23.11702),15.744,23.11702,77.395292,2,http://www.wikidata.org/entity/Q56436498,Mahawadiya,village in India
http://www.wikidata.org/entity/Q24911036,,https://en.wikipedia.org/wiki/Thua_Kheda,Point(77.41136 23.116482),15.818,23.116482,77.41136,2,http://www.wikidata.org/entity/Q56436498,Thua Kheda,village in India
http://www.wikidata.org/entity/Q24911046,,"https://en.wikipedia.org/wiki/Borda,_Bhopal",Point(77.368175 23.120393),15.739,23.120393,77.368175,2,http://www.wikidata.org/entity/Q56436498,"Borda, Bhopal",village in India
http://www.wikidata.org/entity/Q24911067,,"https://en.wikipedia.org/wiki/Gol,_Bhopal",Point(77.416688 23.093125),18.448,23.093125,77.416688,2,http://www.wikidata.org/entity/Q56436498,"Gol, Bhopal",village in India
http://www.wikidata.org/entity/Q24911091,,"https://en.wikipedia.org/wiki/Kodi,_Bhopal",Point(77.464892 23.121422),16.541,23.121422,77.464892,2,http://www.wikidata.org/entity/Q56436498,"Kodi, Bhopal",village in India
http://www.wikidata.org/entity/Q24911093,,https://en.wikipedia.org/wiki/Khandabad,Point(77.48051 23.100876),19.275,23.100876,77.48051,2,http://www.wikidata.org/entity/Q56436498,Khandabad,village in India
http://www.wikidata.org/entity/Q24911110,,"https://en.wikipedia.org/wiki/Kharpa,_Bhopal",Point(77.276429 23.174605),15.862,23.174605,77.276429,2,http://www.wikidata.org/entity/Q56436498,"Kharpa, Bhopal",village in India
http://www.wikidata.org/entity/Q24911123,,https://en.wikipedia.org/wiki/Rolu_Khedi,Point(77.308969 23.2083),11.021,23.2083,77.308969,2,http://www.wikidata.org/entity/Q56436498,Rolu Khedi,village in India
http://www.wikidata.org/entity/Q24911134,,"https://en.wikipedia.org/wiki/Amarpura,_Bhopal",Point(77.314692 23.133533),16.511,23.133533,77.314692,2,http://www.wikidata.org/entity/Q56436498,"Amarpura, Bhopal",village in India
http://www.wikidata.org/entity/Q24911159,,https://en.wikipedia.org/wiki/Fatehpur_Dobra,Point(77.336247 23.156512),13.179,23.156512,77.336247,2,http://www.wikidata.org/entity/Q56436498,Fatehpur Dobra,village in India
http://www.wikidata.org/entity/Q24911165,,https://en.wikipedia.org/wiki/Pipaliya_Berkhedi,Point(77.418154 23.107455),16.874,23.107455,77.418154,2,http://www.wikidata.org/entity/Q56436498,Pipaliya Berkhedi,village in India
http://www.wikidata.org/entity/Q24911178,,https://en.wikipedia.org/wiki/Mittu_Khedi,Point(77.323058 23.144338),15.039,23.144338,77.323058,2,http://www.wikidata.org/entity/Q56436498,Mittu Khedi,village in India
http://www.wikidata.org/entity/Q24911183,,https://en.wikipedia.org/wiki/Kushalpura,Point(77.352544 23.167959),11.263,23.167959,77.352544,2,http://www.wikidata.org/entity/Q56436498,Kushalpura,village in India
http://www.wikidata.org/entity/Q24911206,,https://en.wikipedia.org/wiki/Berkhedi_Bazyaft,Point(77.340175 23.177113),11.034,23.177113,77.340175,2,http://www.wikidata.org/entity/Q56436498,Berkhedi Bazyaft,village in India
http://www.wikidata.org/entity/Q24911222,,https://en.wikipedia.org/wiki/Kal_Khedi,Point(77.319102 23.186535),11.651,23.186535,77.319102,2,http://www.wikidata.org/entity/Q56436498,Kal Khedi,village in India
http://www.wikidata.org/entity/Q24911223,,https://en.wikipedia.org/wiki/Chhapri,Point(77.318313 23.161241),13.785,23.161241,77.318313,2,http://www.wikidata.org/entity/Q56436498,Chhapri,village in India
http://www.wikidata.org/entity/Q24911248,,https://en.wikipedia.org/wiki/Bhanpur,Point(77.350092 23.133983),14.825,23.133983,77.350092,2,http://www.wikidata.org/entity/Q56436498,Bhanpur,village in India
http://www.wikidata.org/entity/Q24911252,,https://en.wikipedia.org/wiki/Khad_Bamuliya,Point(77.480213 23.112136),18.131,23.112136,77.480213,2,http://www.wikidata.org/entity/Q56436498,Khad Bamuliya,village in India
http://www.wikidata.org/entity/Q24911270,,"https://en.wikipedia.org/wiki/Sarvar,_Bhopal",Point(77.301972 23.147317),16.039,23.147317,77.301972,2,http://www.wikidata.org/entity/Q56436498,"Sarvar, Bhopal",village in India
http://www.wikidata.org/entity/Q24911273,,https://en.wikipedia.org/wiki/Suraiya_Nagar,Point(77.465221 23.100581),18.709,23.100581,77.465221,2,http://www.wikidata.org/entity/Q56436498,Suraiya Nagar,village in India
http://www.wikidata.org/entity/Q24911292,,https://en.wikipedia.org/wiki/Khurchani,Point(77.258602 23.142364),19.531,23.142364,77.258602,2,http://www.wikidata.org/entity/Q56436498,Khurchani,village in India
http://www.wikidata.org/entity/Q24911307,,"https://en.wikipedia.org/wiki/Bansiya,_Bhopal",Point(77.553397 23.220475),16.036,23.220475,77.553397,2,http://www.wikidata.org/entity/Q56436498,"Bansiya, Bhopal",village in India
http://www.wikidata.org/entity/Q24911309,,https://en.wikipedia.org/wiki/Amjhira,Point(77.537862 23.200675),15.299,23.200675,77.537862,2,http://www.wikidata.org/entity/Q56436498,Amjhira,village in India
http://www.wikidata.org/entity/Q24911325,,https://en.wikipedia.org/wiki/Chandbad_Kadim,Point(77.388263 23.458791),22.316,23.458791,77.388263,2,http://www.wikidata.org/entity/Q56436498,Chandbad Kadim,village in India
http://www.wikidata.org/entity/Q24911346,,"https://en.wikipedia.org/wiki/Kolu_Khedi,_Huzur",Point(77.276137 23.254417),12.864,23.254417,77.276137,2,http://www.wikidata.org/entity/Q56436498,"Kolu Khedi, Huzur",village in India
http://www.wikidata.org/entity/Q24911347,,https://en.wikipedia.org/wiki/Lakhapur,Point(77.277855 23.230914),13.047,23.230914,77.277855,2,http://www.wikidata.org/entity/Q56436498,Lakhapur,village in India
http://www.wikidata.org/entity/Q24911359,,https://en.wikipedia.org/wiki/Bhauri,Point(77.275118 23.280004),13.178,23.280004,77.275118,2,http://www.wikidata.org/entity/Q56436498,Bhauri,village in India
http://www.wikidata.org/entity/Q24911357,,https://en.wikipedia.org/wiki/Narela_Hanumant_Singh,Point(77.477957 23.120617),17.184,23.120617,77.477957,2,http://www.wikidata.org/entity/Q56436498,Narela Hanumant Singh,village in India
http://www.wikidata.org/entity/Q24911385,,https://en.wikipedia.org/wiki/Bangrasia,Point(77.533055 23.139733),18.809,23.139733,77.533055,2,http://www.wikidata.org/entity/Q56436498,Bangrasia,village in India
http://www.wikidata.org/entity/Q24911388,,https://en.wikipedia.org/wiki/Deepdi,Point(77.513716 23.130908),18.21,23.130908,77.513716,2,http://www.wikidata.org/entity/Q56436498,Deepdi,village in India
http://www.wikidata.org/entity/Q24911401,,https://en.wikipedia.org/wiki/Kalan_Khedi,Point(77.22496 23.326553),19.6,23.326553,77.22496,2,http://www.wikidata.org/entity/Q56436498,Kalan Khedi,village in India
http://www.wikidata.org/entity/Q24911422,,https://en.wikipedia.org/wiki/Rapadiya,Point(77.511584 23.158778),15.759,23.158778,77.511584,2,http://www.wikidata.org/entity/Q56436498,Rapadiya,village in India
http://www.wikidata.org/entity/Q24911420,,https://en.wikipedia.org/wiki/Pipaliya_Kunjadgarh,Point(77.526467 23.138599),18.426,23.138599,77.526467,2,http://www.wikidata.org/entity/Q56436498,Pipaliya Kunjadgarh,village in India
http://www.wikidata.org/entity/Q24911432,,"https://en.wikipedia.org/wiki/Bagli,_Bhopal",Point(77.490016 23.165313),13.72,23.165313,77.490016,2,http://www.wikidata.org/entity/Q56436498,"Bagli, Bhopal",village in India
http://www.wikidata.org/entity/Q24911433,,"https://en.wikipedia.org/wiki/Barrai,_Huzur",Point(77.500793 23.181316),13.25,23.181316,77.500793,2,http://www.wikidata.org/entity/Q56436498,"Barrai, Huzur",village in India
http://www.wikidata.org/entity/Q24911454,,"https://en.wikipedia.org/wiki/Katara,_Bhopal",Point(77.489276 23.179629),12.507,23.179629,77.489276,2,http://www.wikidata.org/entity/Q56436498,"Katara, Bhopal",village in India
http://www.wikidata.org/entity/Q24911475,,https://en.wikipedia.org/wiki/Bhairopur,Point(77.4794 23.152918),14.155,23.152918,77.4794,2,http://www.wikidata.org/entity/Q56436498,Bhairopur,village in India
http://www.wikidata.org/entity/Q24911477,,https://en.wikipedia.org/wiki/Bilkhiriya_Khurd,Point(77.45309 23.135102),14.679,23.135102,77.45309,2,http://www.wikidata.org/entity/Q56436498,Bilkhiriya Khurd,village in India
http://www.wikidata.org/entity/Q24911493,,https://en.wikipedia.org/wiki/Mendori,Point(77.361229 23.186018),9.07,23.186018,77.361229,2,http://www.wikidata.org/entity/Q56436498,Mendori,village in India
http://www.wikidata.org/entity/Q24911938,,https://en.wikipedia.org/wiki/Bakaniya,Point(77.244025 23.267123),16.165,23.267123,77.244025,2,http://www.wikidata.org/entity/Q56436498,Bakaniya,village in India
http://www.wikidata.org/entity/Q24912329,,https://en.wikipedia.org/wiki/Bherupura,Point(77.41097689 23.35427318),10.69,23.35427318,77.41097689,2,http://www.wikidata.org/entity/Q56436498,Bherupura,village in India
http://www.wikidata.org/entity/Q24912350,,https://en.wikipedia.org/wiki/Kanchbavli,Point(77.4113845 23.3659764),11.99,23.3659764,77.4113845,2,http://www.wikidata.org/entity/Q56436498,Kanchbavli,village in India
http://www.wikidata.org/entity/Q24912353,,https://en.wikipedia.org/wiki/Beenapur,Point(77.38699 23.3713045),12.637,23.3713045,77.38699,2,http://www.wikidata.org/entity/Q56436498,Beenapur,village in India
http://www.wikidata.org/entity/Q24912362,,"https://en.wikipedia.org/wiki/Khajuri,_Bhopal",Point(77.37544298 23.37609862),13.355,23.37609862,77.37544298,2,http://www.wikidata.org/entity/Q56436498,"Khajuri, Bhopal",village in India
http://www.wikidata.org/entity/Q24912374,,https://en.wikipedia.org/wiki/Ratatal,Point(77.3611549 23.383823),14.547,23.383823,77.3611549,2,http://www.wikidata.org/entity/Q56436498,Ratatal,village in India
http://www.wikidata.org/entity/Q24912382,,https://en.wikipedia.org/wiki/Rojibeg,Point(77.3467996 23.3855746),15.213,23.3855746,77.3467996,2,http://www.wikidata.org/entity/Q56436498,Rojibeg,village in India
http://www.wikidata.org/entity/Q24912393,,"https://en.wikipedia.org/wiki/Shahpur,_Huzur",Point(77.34645367 23.40323752),17.064,23.40323752,77.34645367,2,http://www.wikidata.org/entity/Q56436498,"Shahpur, Huzur",village in India
http://www.wikidata.org/entity/Q24912428,,https://en.wikipedia.org/wiki/Panchawa,Point(77.4400774 23.0903028),19.101,23.0903028,77.4400774,2,http://www.wikidata.org/entity/Q56436498,Panchawa,village in India
http://www.wikidata.org/entity/Q24912445,,https://en.wikipedia.org/wiki/Samasgarh,Point(77.3295708 23.1208817),16.996,23.1208817,77.3295708,2,http://www.wikidata.org/entity/Q56436498,Samasgarh,village in India
http://www.wikidata.org/entity/Q24912457,,https://en.wikipedia.org/wiki/Semri_Bazyaft,Point(77.2951057 23.1648877),15.087,23.1648877,77.2951057,2,http://www.wikidata.org/entity/Q56436498,Semri Bazyaft,village in India
http://www.wikidata.org/entity/Q24912461,,"https://en.wikipedia.org/wiki/Sikandarabad,_Bhopal",Point(77.3008506 23.1770577),13.74,23.1770577,77.3008506,2,http://www.wikidata.org/entity/Q56436498,"Sikandarabad, Bhopal",village in India
http://www.wikidata.org/entity/Q24912471,,https://en.wikipedia.org/wiki/Rasuliya_Gusain,Point(77.2893606 23.1878217),13.935,23.1878217,77.2893606,2,http://www.wikidata.org/entity/Q56436498,Rasuliya Gusain,village in India
http://www.wikidata.org/entity/Q24912473,,https://en.wikipedia.org/wiki/Mugaliyachhap,Point(77.2994144 23.2252084),11.114,23.2252084,77.2994144,2,http://www.wikidata.org/entity/Q56436498,Mugaliyachhap,village in India
http://www.wikidata.org/entity/Q24912482,,https://en.wikipedia.org/wiki/Badjhiri,Point(77.2778694 23.1283773),19.241,23.1283773,77.2778694,2,http://www.wikidata.org/entity/Q56436498,Badjhiri,village in India
http://www.wikidata.org/entity/Q24912480,,https://en.wikipedia.org/wiki/Anwala,Point(77.2922332 23.1207714),18.982,23.1207714,77.2922332,2,http://www.wikidata.org/entity/Q56436498,Anwala,village in India
http://www.wikidata.org/entity/Q24912493,,"https://en.wikipedia.org/wiki/Moondla,_Huzur",Point(77.2606305 23.1620729),17.989,23.1620729,77.2606305,2,http://www.wikidata.org/entity/Q56436498,Moondla,village in India
http://www.wikidata.org/entity/Q24912517,,https://en.wikipedia.org/wiki/Saista_Khedi,Point(77.2203966 23.1938753),19.897,23.1938753,77.2203966,2,http://www.wikidata.org/entity/Q56436498,Saista Khedi,village in India
http://www.wikidata.org/entity/Q24912527,,"https://en.wikipedia.org/wiki/Khokariya,_Bhopal",Point(77.23959446 23.1967796),17.956,23.1967796,77.23959446,2,http://www.wikidata.org/entity/Q56436498,"Khokariya, Bhopal",village in India
http://www.wikidata.org/entity/Q24912533,,https://en.wikipedia.org/wiki/Kodiya,Point(77.2606305 23.2030238),15.705,23.2030238,77.2606305,2,http://www.wikidata.org/entity/Q56436498,Kodiya,village in India
http://www.wikidata.org/entity/Q24912851,,https://en.wikipedia.org/wiki/Dillod,Point(77.3715614 23.5020359),27.258,23.5020359,77.3715614,2,http://www.wikidata.org/entity/Q56436498,Dillod,village in India
http://www.wikidata.org/entity/Q24913165,,"https://en.wikipedia.org/wiki/Pardi,_Bhopal",Point(77.4271665 23.4798896),24.752,23.4798896,77.4271665,2,http://www.wikidata.org/entity/Q56436498,"Pardi, Bhopal",village in India
http://www.wikidata.org/entity/Q24913173,,https://en.wikipedia.org/wiki/Hinoti_Sadak,Point(77.4099497 23.4901857),25.775,23.4901857,77.4099497,2,http://www.wikidata.org/entity/Q56436498,Hinoti Sadak,village in India
http://www.wikidata.org/entity/Q24913188,,"https://en.wikipedia.org/wiki/Gunga,_Bhopal",Point(77.3618726 23.4504247),21.731,23.4504247,77.3618726,2,http://www.wikidata.org/entity/Q56436498,"Gunga, Bhopal",village in India
http://www.wikidata.org/entity/Q24913196,,https://en.wikipedia.org/wiki/Bhungiyai,Point(77.3008506 23.4344509),22.123,23.4344509,77.3008506,2,http://www.wikidata.org/entity/Q56436498,Bhungiyai,village in India
http://www.wikidata.org/entity/Q24913200,,"https://en.wikipedia.org/wiki/Unida,_Bhopal",Point(77.3065952 23.4583183),24.259,23.4583183,77.3065952,2,http://www.wikidata.org/entity/Q56436498,"Unida, Bhopal",village in India
http://www.wikidata.org/entity/Q24913209,,https://en.wikipedia.org/wiki/Khedi,Point(77.3367498 23.4564088),22.993,23.4564088,77.3367498,2,http://www.wikidata.org/entity/Q56436498,Khedi,village in India
http://www.wikidata.org/entity/Q24913220,,https://en.wikipedia.org/wiki/Kutkipura,Point(77.3180836 23.435867),21.503,23.435867,77.3180836,2,http://www.wikidata.org/entity/Q56436498,Kutkipura,village in India
http://www.wikidata.org/entity/Q24913227,,https://en.wikipedia.org/wiki/Namdarpura,Point(77.3238274 23.4538858),23.145,23.4538858,77.3238274,2,http://www.wikidata.org/entity/Q56436498,Namdarpura,village in India
http://www.wikidata.org/entity/Q24913242,,"https://en.wikipedia.org/wiki/Kurana,_Bhopal",Point(77.3266991 23.3225054),10.478,23.3225054,77.3266991,2,http://www.wikidata.org/entity/Q56436498,"Kurana, Bhopal",village in India
http://www.wikidata.org/entity/Q24913249,,https://en.wikipedia.org/wiki/Barkheda_Bondar,Point(77.296542 23.3010253),11.763,23.3010253,77.296542,2,http://www.wikidata.org/entity/Q56436498,Barkheda Bondar,village in India
http://www.wikidata.org/entity/Q24913253,,https://en.wikipedia.org/wiki/Pipliya_Bajkhan,Point(77.4278838 23.3183095),7.158,23.3183095,77.4278838,2,http://www.wikidata.org/entity/Q56436498,Pipliya Bajkhan,village in India
http://www.wikidata.org/entity/Q24913262,,"https://en.wikipedia.org/wiki/Ghat_Khedi,_Bhopal",Point(77.4318289 23.3248469),7.983,23.3248469,77.4318289,2,http://www.wikidata.org/entity/Q56436498,"Ghat Khedi, Bhopal",village in India
http://www.wikidata.org/entity/Q24913266,,https://en.wikipedia.org/wiki/Deval_Khedi,Point(77.4164063 23.3320076),8.306,23.3320076,77.4164063,2,http://www.wikidata.org/entity/Q56436498,Deval Khedi,village in India
http://www.wikidata.org/entity/Q24913275,,"https://en.wikipedia.org/wiki/Shyampur,_Bhopal",Point(77.4192758 23.339555),9.185,23.339555,77.4192758,2,http://www.wikidata.org/entity/Q56436498,"Shyampur, Bhopal",village in India
http://www.wikidata.org/entity/Q24913287,,https://en.wikipedia.org/wiki/Puraman_Bhawan,Point(77.4146128 23.3358849),8.702,23.3358849,77.4146128,2,http://www.wikidata.org/entity/Q56436498,Puraman Bhawan,village in India
http://www.wikidata.org/entity/Q24913296,,https://en.wikipedia.org/wiki/Sewaniya_Onkar,Point(77.4766504 23.3003076),8.932,23.3003076,77.4766504,2,http://www.wikidata.org/entity/Q56436498,Sewaniya Onkar,village in India
http://www.wikidata.org/entity/Q24913308,,https://en.wikipedia.org/wiki/Teela_Khedi,Point(77.2362044 23.1790859),19.103,23.1790859,77.2362044,2,http://www.wikidata.org/entity/Q56436498,Teela Khedi,village in India
http://www.wikidata.org/entity/Q24913316,,"https://en.wikipedia.org/wiki/Narela,_Bhopal",Point(77.2577571 23.164763),18.051,23.164763,77.2577571,2,http://www.wikidata.org/entity/Q56436498,"Narela, Bhopal",village in India
http://www.wikidata.org/entity/Q24913327,,https://en.wikipedia.org/wiki/Kharpi,Point(77.2778694 23.1751824),15.705,23.1751824,77.2778694,2,http://www.wikidata.org/entity/Q56436498,Kharpi,village in India
http://www.wikidata.org/entity/Q24913336,,https://en.wikipedia.org/wiki/Chhawani_Adampur,Point(77.5400876 23.2552892),14.112,23.2552892,77.5400876,2,http://www.wikidata.org/entity/Q56436498,Chhawani Adampur,village in India
http://www.wikidata.org/entity/Q24913344,,https://en.wikipedia.org/wiki/Khetla_Khedi,Point(77.2484181 23.2510139),15.71,23.2510139,77.2484181,2,http://www.wikidata.org/entity/Q56436498,Khetla Khedi,village in India
http://www.wikidata.org/entity/Q24913351,,https://en.wikipedia.org/wiki/Jamoniya_Kalan,Point(77.5698228 23.2155886),17.799,23.2155886,77.5698228,2,http://www.wikidata.org/entity/Q56436498,Jamoniya Kalan,village in India
http://www.wikidata.org/entity/Q24913365,,https://en.wikipedia.org/wiki/Pipaliya_Hatila,Point(77.5789567 23.1875907),19.726,23.1875907,77.5789567,2,http://www.wikidata.org/entity/Q56436498,Pipaliya Hatila,village in India
http://www.wikidata.org/entity/Q24913375,,https://en.wikipedia.org/wiki/Sagoniya,Point(77.3640257 23.4220831),18.599,23.4220831,77.3640257,2,http://www.wikidata.org/entity/Q56436498,Sagoniya,village in India
http://www.wikidata.org/entity/Q24913385,,"https://en.wikipedia.org/wiki/Kuthar,_Bhopal",Point(77.3295708 23.4134124),18.746,23.4134124,77.3295708,2,http://www.wikidata.org/entity/Q56436498,"Kuthar, Bhopal",village in India
http://www.wikidata.org/entity/Q24913395,,https://en.wikipedia.org/wiki/Kardai,Point(77.335314 23.378785),15.009,23.378785,77.335314,2,http://www.wikidata.org/entity/Q56436498,Kardai,village in India
http://www.wikidata.org/entity/Q24913398,,"https://en.wikipedia.org/wiki/Deopur,_Bhopal",Point(77.3640257 23.4045331),16.695,23.4045331,77.3640257,2,http://www.wikidata.org/entity/Q56436498,"Deopur, Bhopal",village in India
http://www.wikidata.org/entity/Q24913407,,https://en.wikipedia.org/wiki/Dobra_Jagir,Point(77.531488 23.2428916),13.343,23.2428916,77.531488,2,http://www.wikidata.org/entity/Q56436498,Dobra Jagir,village in India
http://www.wikidata.org/entity/Q24913417,,https://en.wikipedia.org/wiki/Sankalpadariya,Point(77.5726884 23.2392369),17.57,23.2392369,77.5726884,2,http://www.wikidata.org/entity/Q56436498,Sankalpadariya,village in India
http://www.wikidata.org/entity/Q24913424,,"https://en.wikipedia.org/wiki/Dob,_Bhopal",Point(77.5017428 23.3747598),16.459,23.3747598,77.5017428,2,http://www.wikidata.org/entity/Q56436498,"Dob, Bhopal",village in India
http://www.wikidata.org/entity/Q24913433,,https://en.wikipedia.org/wiki/Semra_Saiyad,Point(77.4386429 23.3462464),10.451,23.3462464,77.4386429,2,http://www.wikidata.org/entity/Q56436498,Semra Saiyad,village in India
http://www.wikidata.org/entity/Q24913442,,https://en.wikipedia.org/wiki/Narela_Bazyafth,Point(77.5728675 23.1856414),19.248,23.1856414,77.5728675,2,http://www.wikidata.org/entity/Q56436498,Narela Bazyafth,village in India
http://www.wikidata.org/entity/Q24913457,,https://en.wikipedia.org/wiki/Kala_Pipal,Point(77.4329048 23.3925931),15.242,23.3925931,77.4329048,2,http://www.wikidata.org/entity/Q56436498,Kala Pipal,village in India
http://www.wikidata.org/entity/Q24913470,,"https://en.wikipedia.org/wiki/Khar_Khedi,_Bhopal",Point(77.2311749 23.2422861),17.543,23.2422861,77.2311749,2,http://www.wikidata.org/entity/Q56436498,"Khar Khedi, Bhopal",village in India
http://www.wikidata.org/entity/Q24913480,,"https://en.wikipedia.org/wiki/Dhamaniya,_Bhopal",Point(77.2168036 23.2586513),18.917,23.2586513,77.2168036,2,http://www.wikidata.org/entity/Q56436498,"Dhamaniya, Bhopal",village in India
http://www.wikidata.org/entity/Q24913486,,https://en.wikipedia.org/wiki/Khori,Point(77.2261452 23.2762356),18.07,23.2762356,77.2261452,2,http://www.wikidata.org/entity/Q56436498,Khori,village in India
http://www.wikidata.org/entity/Q24913493,,"https://en.wikipedia.org/wiki/Semari_Khurd,_Huzur_tehsil",Point(77.5511944 23.1614064),18.681,23.1614064,77.5511944,2,http://www.wikidata.org/entity/Q56436498,"Semari Khurd, Huzur tehsil",village in India
http://www.wikidata.org/entity/Q24913498,,https://en.wikipedia.org/wiki/Chor_Sagoni,Point(77.5368628 23.2363705),13.997,23.2363705,77.5368628,2,http://www.wikidata.org/entity/Q56436498,Chor Sagoni,village in India
http://www.wikidata.org/entity/Q24913505,,https://en.wikipedia.org/wiki/Mungalia_Kot,Point(77.4644607 23.3571155),12.687,23.3571155,77.4644607,2,http://www.wikidata.org/entity/Q56436498,Mungalia Kot,village in India
http://www.wikidata.org/entity/Q24913510,,https://en.wikipedia.org/wiki/Padariya_Jat,Point(77.5580013 23.1886633),17.731,23.1886633,77.5580013,2,http://www.wikidata.org/entity/Q56436498,Padariya Jat,village in India
http://www.wikidata.org/entity/Q24913519,,https://en.wikipedia.org/wiki/Babadiya_Khurd,Point(77.5368628 23.1939261),15.539,23.1939261,77.5368628,2,http://www.wikidata.org/entity/Q56436498,Babadiya Khurd,village in India
http://www.wikidata.org/entity/Q24913530,,https://en.wikipedia.org/wiki/Khamla_Khedi,Point(77.2419522 23.2322037),16.609,23.2322037,77.2419522,2,http://www.wikidata.org/entity/Q56436498,Khamla Khedi,village in India
http://www.wikidata.org/entity/Q24927758,,https://en.wikipedia.org/wiki/Doobdi,Point(77.2261452 23.2118954),18.698,23.2118954,77.2261452,2,http://www.wikidata.org/entity/Q56436498,Doobdi,village in India
http://www.wikidata.org/entity/Q24927757,,https://en.wikipedia.org/wiki/Hatai_Khedi,Point(77.2218338 23.2042297),19.371,23.2042297,77.2218338,2,http://www.wikidata.org/entity/Q56436498,Hatai Khedi,village in India
http://www.wikidata.org/entity/Q24927762,,https://en.wikipedia.org/wiki/Khajoori_Sadak,Point(77.2419522 23.2409778),16.465,23.2409778,77.2419522,2,http://www.wikidata.org/entity/Q56436498,Khajoori Sadak,village in India
http://www.wikidata.org/entity/Q24927763,,https://en.wikipedia.org/wiki/Pipaliya_Dhakad,Point(77.2318934 23.2240662),17.795,23.2240662,77.2318934,2,http://www.wikidata.org/entity/Q56436498,Pipaliya Dhakad,village in India
http://www.wikidata.org/entity/Q24927761,,https://en.wikipedia.org/wiki/Rasuliya_Ghat,Point(77.244826 23.2090412),16.973,23.2090412,77.244826,2,http://www.wikidata.org/entity/Q56436498,Rasuliya Ghat,village in India
http://www.wikidata.org/entity/Q24927764,,https://en.wikipedia.org/wiki/Phanda_Khurd,Point(77.2146478 23.2168),19.694,23.2168,77.2146478,2,http://www.wikidata.org/entity/Q56436498,Phanda Khurd,village in India
http://www.wikidata.org/entity/Q24927770,,https://en.wikipedia.org/wiki/Phanda_Kala,Point(77.2088987 23.2280252),20.016,23.2280252,77.2088987,2,http://www.wikidata.org/entity/Q56436498,Phanda Kala,village in India
http://www.wikidata.org/entity/Q24927771,,https://en.wikipedia.org/wiki/Toomda,Point(77.1902122 23.3127491),22.455,23.3127491,77.1902122,2,http://www.wikidata.org/entity/Q56436498,Toomda,village in India
http://www.wikidata.org/entity/Q24927773,,https://en.wikipedia.org/wiki/Barkheda_Salam,Point(77.2570388 23.2838931),15.073,23.2838931,77.2570388,2,http://www.wikidata.org/entity/Q56436498,Barkheda Salam,village in India
http://www.wikidata.org/entity/Q24927798,,https://en.wikipedia.org/wiki/Jat_Khedi,Point(77.2376414 23.1894407),18.465,23.1894407,77.2376414,2,http://www.wikidata.org/entity/Q56436498,Jat Khedi,village in India
http://www.wikidata.org/entity/Q24927802,,https://en.wikipedia.org/wiki/Borkhedi,Point(77.2390784 23.2027202),17.763,23.2027202,77.2390784,2,http://www.wikidata.org/entity/Q56436498,Borkhedi,village in India
http://www.wikidata.org/entity/Q24927800,,https://en.wikipedia.org/wiki/Meerpur,Point(77.3008506 23.2765156),10.524,23.2765156,77.3008506,2,http://www.wikidata.org/entity/Q56436498,Meerpur,village in India
http://www.wikidata.org/entity/Q24927807,,https://en.wikipedia.org/wiki/Mubarikpur,Point(77.3138769 23.3139194),10.908,23.3139194,77.3138769,2,http://www.wikidata.org/entity/Q56436498,Mubarikpur,village in India
http://www.wikidata.org/entity/Q24927811,,"https://en.wikipedia.org/wiki/Agariya,_Bhopal",Point(77.4529868 23.4030005),16.891,23.4030005,77.4529868,2,http://www.wikidata.org/entity/Q56436498,"Agariya, Bhopal",village in India
http://www.wikidata.org/entity/Q24927808,,"https://en.wikipedia.org/wiki/Fatehpur,_Bhopal",Point(77.4730653 23.3899983),16.325,23.3899983,77.4730653,2,http://www.wikidata.org/entity/Q56436498,"Fatehpur, Bhopal",village in India
http://www.wikidata.org/entity/Q24927809,,https://en.wikipedia.org/wiki/Rasla_Khedi,Point(77.4214278 23.3975115),15.585,23.3975115,77.4214278,2,http://www.wikidata.org/entity/Q56436498,Rasla Khedi,village in India
http://www.wikidata.org/entity/Q24927815,,"https://en.wikipedia.org/wiki/Momanpur,_Bhopal",Point(77.4570342 23.4326511),20.164,23.4326511,77.4570342,2,http://www.wikidata.org/entity/Q56436498,"Momanpur, Bhopal",village in India
http://www.wikidata.org/entity/Q24927819,,https://en.wikipedia.org/wiki/Barkhedi_Hajjam,Point(77.3755084 23.405471),16.565,23.405471,77.3755084,2,http://www.wikidata.org/entity/Q56436498,Barkhedi Hajjam,village in India
http://www.wikidata.org/entity/Q24927816,,https://en.wikipedia.org/wiki/Kadhaiya,Point(77.467329 23.4246443),19.642,23.4246443,77.467329,2,http://www.wikidata.org/entity/Q56436498,Kadhaiya,village in India
http://www.wikidata.org/entity/Q24927817,,https://en.wikipedia.org/wiki/Karhod_Khurd,Point(77.4874049 23.4291968),20.888,23.4291968,77.4874049,2,http://www.wikidata.org/entity/Q56436498,Karhod Khurd,village in India
http://www.wikidata.org/entity/Q24927826,,"https://en.wikipedia.org/wiki/Ganyari,_Huzur",Point(77.464268 23.375878),14.519,23.375878,77.464268,2,http://www.wikidata.org/entity/Q56436498,"Ganyari, Huzur",village in India
http://www.wikidata.org/entity/Q24927825,,https://en.wikipedia.org/wiki/Nipaniya_Jat,Point(77.4042102 23.4019611),15.955,23.4019611,77.4042102,2,http://www.wikidata.org/entity/Q56436498,Nipaniya Jat,village in India
http://www.wikidata.org/entity/Q24927830,,https://en.wikipedia.org/wiki/Rusalli_Chunanagar,Point(77.4788014 23.3729061),14.946,23.3729061,77.4788014,2,http://www.wikidata.org/entity/Q56436498,Rusalli Chunanagar,village in India
http://www.wikidata.org/entity/Q24927831,,https://en.wikipedia.org/wiki/Garhmurra,Point(77.4995922 23.3577599),14.872,23.3577599,77.4995922,2,http://www.wikidata.org/entity/Q56436498,Garhmurra,village in India
http://www.wikidata.org/entity/Q24927832,,"https://en.wikipedia.org/wiki/Kalyanpura,_Bhopal",Point(77.4214278 23.3682555),12.366,23.3682555,77.4214278,2,http://www.wikidata.org/entity/Q56436498,"Kalyanpura, Bhopal",village in India
http://www.wikidata.org/entity/Q24927833,,https://en.wikipedia.org/wiki/Balampur,Point(77.5275463 23.3914729),19.57,23.3914729,77.5275463,2,http://www.wikidata.org/entity/Q56436498,Balampur,village in India
http://www.wikidata.org/entity/Q24927838,,https://en.wikipedia.org/wiki/Chanched,Point(77.4558554 23.388604),15.478,23.388604,77.4558554,2,http://www.wikidata.org/entity/Q56436498,Chanched,village in India
http://www.wikidata.org/entity/Q24927839,,"https://en.wikipedia.org/wiki/Dobra,_Bhopal",Point(77.3525419 23.3333917),9.74,23.3333917,77.3525419,2,http://www.wikidata.org/entity/Q56436498,"Dobra, Bhopal",village in India
http://www.wikidata.org/entity/Q24927843,,https://en.wikipedia.org/wiki/Arwaliya,Point(77.3984704 23.3371332),8.752,23.3371332,77.3984704,2,http://www.wikidata.org/entity/Q56436498,Arwaliya,village in India
http://www.wikidata.org/entity/Q24927841,,https://en.wikipedia.org/wiki/Sumer_Khedi,Point(77.4372084 23.3856284),14.587,23.3856284,77.4372084,2,http://www.wikidata.org/entity/Q56436498,Sumer Khedi,village in India
http://www.wikidata.org/entity/Q24927844,,https://en.wikipedia.org/wiki/Prithvipura,Point(77.3310067 23.3506455),12.552,23.3506455,77.3310067,2,http://www.wikidata.org/entity/Q56436498,Prithvipura,village in India
http://www.wikidata.org/entity/Q24927845,,"https://en.wikipedia.org/wiki/Chanderi,_Bhopal",Point(77.303723 23.4142158),20.012,23.4142158,77.303723,2,http://www.wikidata.org/entity/Q56436498,"Chanderi, Bhopal",village in India
http://www.wikidata.org/entity/Q24927851,,https://en.wikipedia.org/wiki/Manikhedi_Kot,Point(77.3467996 23.3621744),12.833,23.3621744,77.3467996,2,http://www.wikidata.org/entity/Q56436498,Manikhedi Kot,village in India
http://www.wikidata.org/entity/Q24927852,,"https://en.wikipedia.org/wiki/Lalpura,_Bhopal",Point(77.5511944 23.2272728),15.634,23.2272728,77.5511944,2,http://www.wikidata.org/entity/Q56436498,"Lalpura, Bhopal",village in India
http://www.wikidata.org/entity/Q24927866,,"https://en.wikipedia.org/wiki/Kalara,_Bhopal",Point(77.3001325 23.4862978),27.381,23.4862978,77.3001325,2,http://www.wikidata.org/entity/Q56436498,"Kalara, Bhopal",village in India
http://www.wikidata.org/entity/Q24927867,,"https://en.wikipedia.org/wiki/Jafrabad,_Bhopal",Point(77.3180836 23.5119006),29.45,23.5119006,77.3180836,2,http://www.wikidata.org/entity/Q56436498,"Jafrabad, Bhopal",village in India
http://www.wikidata.org/entity/Q24927868,,"https://en.wikipedia.org/wiki/Dangroli,_Huzur",Point(77.582327 23.215988),19.021,23.215988,77.582327,2,http://www.wikidata.org/entity/Q56436498,"Dangroli, Huzur",village in India
http://www.wikidata.org/entity/Q24927897,,https://en.wikipedia.org/wiki/Jhiriya_Kheda,Point(77.5339963 23.2727287),13.577,23.2727287,77.5339963,2,http://www.wikidata.org/entity/Q56436498,Jhiriya Kheda,village in India
http://www.wikidata.org/entity/Q24927902,,https://en.wikipedia.org/wiki/Hajjampura,Point(77.3812494 23.3532845),10.751,23.3532845,77.3812494,2,http://www.wikidata.org/entity/Q56436498,Hajjampura,village in India
http://www.wikidata.org/entity/Q24927906,,https://en.wikipedia.org/wiki/Parwaliya_Sadak,Point(77.2755205 23.3359857),15.526,23.3359857,77.2755205,2,http://www.wikidata.org/entity/Q56436498,Parwaliya Sadak,village in India
http://www.wikidata.org/entity/Q24927907,,https://en.wikipedia.org/wiki/Arhedi,Point(77.486688 23.2777052),8.912,23.2777052,77.486688,2,http://www.wikidata.org/entity/Q56436498,Arhedi,village in India
http://www.wikidata.org/entity/Q24927905,,https://en.wikipedia.org/wiki/Acharpura,Point(77.3640257 23.3518803),11.085,23.3518803,77.3640257,2,http://www.wikidata.org/entity/Q56436498,Acharpura,village in India
http://www.wikidata.org/entity/Q24927908,,https://en.wikipedia.org/wiki/Mugaliya_Hat,Point(77.2577571 23.3519473),18.026,23.3519473,77.2577571,2,http://www.wikidata.org/entity/Q56436498,Mugaliya Hat,village in India
http://www.wikidata.org/entity/Q24927914,,https://en.wikipedia.org/wiki/Khejdadeo,Point(77.342468 23.350417),11.892,23.350417,77.342468,2,http://www.wikidata.org/entity/Q56436498,Khejdadeo,village in India
http://www.wikidata.org/entity/Q24927915,,https://en.wikipedia.org/wiki/Daulatpur_Thikriya,Point(77.2491365 23.3658591),19.651,23.3658591,77.2491365,2,http://www.wikidata.org/entity/Q56436498,Daulatpur Thikriya,village in India
http://www.wikidata.org/entity/Q24927952,,https://en.wikipedia.org/wiki/Bundrkha_Sadak,Point(77.2890015 23.3234404),13.613,23.3234404,77.2890015,2,http://www.wikidata.org/entity/Q56436498,Bundrkha Sadak,village in India
http://www.wikidata.org/entity/Q24927958,,https://en.wikipedia.org/wiki/Guradiya,Point(77.328135 23.3679602),14.319,23.3679602,77.328135,2,http://www.wikidata.org/entity/Q56436498,Guradiya,village in India
http://www.wikidata.org/entity/Q24927956,,https://en.wikipedia.org/wiki/Jhhirniya,Point(77.2387191 23.3529382),19.705,23.3529382,77.2387191,2,http://www.wikidata.org/entity/Q56436498,Jhhirniya,village in India
http://www.wikidata.org/entity/Q24927957,,https://en.wikipedia.org/wiki/Taraisewaniya,Point(77.303723 23.3557232),14.751,23.3557232,77.303723,2,http://www.wikidata.org/entity/Q56436498,Taraisewaniya,village in India
http://www.wikidata.org/entity/Q24927961,,https://en.wikipedia.org/wiki/Bagoniya,Point(77.2807423 23.3889311),19.069,23.3889311,77.2807423,2,http://www.wikidata.org/entity/Q56436498,Bagoniya,village in India
http://www.wikidata.org/entity/Q24928084,,"https://en.wikipedia.org/wiki/Sagoni_Kalan,_Huzur",Point(77.53358603 23.24682715),13.506,23.24682715,77.53358603,2,http://www.wikidata.org/entity/Q56436498,"Sagoni Kalan, Huzur",village in India
http://www.wikidata.org/entity/Q24928085,,"https://en.wikipedia.org/wiki/Bankhedi,_Bhopal",Point(77.5751958 23.2317527),17.943,23.2317527,77.5751958,2,http://www.wikidata.org/entity/Q56436498,"Bankhedi, Bhopal",village in India
http://www.wikidata.org/entity/Q24928090,,https://en.wikipedia.org/wiki/Kolua_Khurd,Point(77.5565683 23.2529503),15.803,23.2529503,77.5565683,2,http://www.wikidata.org/entity/Q56436498,Kolua Khurd,village in India
http://www.wikidata.org/entity/Q24928091,,https://en.wikipedia.org/wiki/Pipaliya_Jahirpeer,Point(77.4859711 23.3105704),10.349,23.3105704,77.4859711,2,http://www.wikidata.org/entity/Q56436498,Pipaliya Jahirpeer,village in India
http://www.wikidata.org/entity/Q24928089,,https://en.wikipedia.org/wiki/Kanasaiya,Point(77.5110614 23.2928373),11.777,23.2928373,77.5110614,2,http://www.wikidata.org/entity/Q56436498,Kanasaiya,village in India
http://www.wikidata.org/entity/Q24928092,,https://en.wikipedia.org/wiki/Bilkhiriya_Kalan,Point(77.5834339 23.2569279),18.536,23.2569279,77.5834339,2,http://www.wikidata.org/entity/Q56436498,Bilkhiriya Kalan,village in India
http://www.wikidata.org/entity/Q24928098,,https://en.wikipedia.org/wiki/Imliya,Point(77.4558554 23.3359366),10.219,23.3359366,77.4558554,2,http://www.wikidata.org/entity/Q56436498,Imliya,village in India
http://www.wikidata.org/entity/Q24928097,,https://en.wikipedia.org/wiki/Khinchital,Point(77.4472578 23.4298141),19.602,23.4298141,77.4472578,2,http://www.wikidata.org/entity/Q56436498,Khinchital,village in India
http://www.wikidata.org/entity/Q24928101,,"https://en.wikipedia.org/wiki/Raipur,_Bhopal",Point(77.4185584 23.4236073),18.438,23.4236073,77.4185584,2,http://www.wikidata.org/entity/Q56436498,"Raipur, Bhopal",village in India
http://www.wikidata.org/entity/Q24928192,,https://en.wikipedia.org/wiki/Kachhi_Barkheda,Point(77.38699 23.4181089),17.814,23.4181089,77.38699,2,http://www.wikidata.org/entity/Q56436498,Kachhi Barkheda,village in India
http://www.wikidata.org/entity/Q24928193,,https://en.wikipedia.org/wiki/Dupadiya,Point(77.3970354 23.4291667),18.985,23.4291667,77.3970354,2,http://www.wikidata.org/entity/Q56436498,Dupadiya,village in India
http://www.wikidata.org/entity/Q24928198,,https://en.wikipedia.org/wiki/Gol_Khedi,Point(77.4027753 23.3711272),12.525,23.3711272,77.4027753,2,http://www.wikidata.org/entity/Q56436498,Gol Khedi,village in India
http://www.wikidata.org/entity/Q24928199,,https://en.wikipedia.org/wiki/Nipaniya_Sukha,Point(77.3238274 23.3895436),16.614,23.3895436,77.3238274,2,http://www.wikidata.org/entity/Q56436498,Nipaniya Sukha,village in India
http://www.wikidata.org/entity/Q24928201,,https://en.wikipedia.org/wiki/Jhapadiya,Point(77.3008506 23.3818097),17.166,23.3818097,77.3008506,2,http://www.wikidata.org/entity/Q56436498,Jhapadiya,village in India
http://www.wikidata.org/entity/Q24928206,,https://en.wikipedia.org/wiki/Parewa_Kheda,Point(77.3812494 23.3415828),9.479,23.3415828,77.3812494,2,http://www.wikidata.org/entity/Q56436498,Parewa Kheda,village in India
http://www.wikidata.org/entity/Q24928205,,https://en.wikipedia.org/wiki/Parvaliya_Sani,Point(77.3826845 23.328535),8.034,23.328535,77.3826845,2,http://www.wikidata.org/entity/Q56436498,Parvaliya Sani,village in India
http://www.wikidata.org/entity/Q24928211,,https://en.wikipedia.org/wiki/Bishan_Khedi,Point(77.3697672 23.3230949),7.902,23.3230949,77.3697672,2,http://www.wikidata.org/entity/Q56436498,Bishan Khedi,village in India
http://www.wikidata.org/entity/Q24928208,,"https://en.wikipedia.org/wiki/Chandpur,_Bhopal",Point(77.3640257 23.3401791),9.876,23.3401791,77.3640257,2,http://www.wikidata.org/entity/Q56436498,"Chandpur, Bhopal",village in India
http://www.wikidata.org/entity/Q24928212,,https://en.wikipedia.org/wiki/Intkhedi_Sadak,Point(77.3970354 23.3648091),11.833,23.3648091,77.3970354,2,http://www.wikidata.org/entity/Q56436498,Intkhedi Sadak,village in India
http://www.wikidata.org/entity/Q24928217,,https://en.wikipedia.org/wiki/Pipalia_Chhaparband,Point(77.3195196 23.3584801),13.948,23.3584801,77.3195196,2,http://www.wikidata.org/entity/Q56436498,Pipalia Chhaparband,village in India
http://www.wikidata.org/entity/Q24928529,,https://en.wikipedia.org/wiki/Semra_Kalan,Point(77.4314703 23.271052),3.32,23.271052,77.4314703,2,http://www.wikidata.org/entity/Q56436498,Semra Kalan,village in India
http://www.wikidata.org/entity/Q24928599,,https://en.wikipedia.org/wiki/Rusalli,Point(77.39820957 23.48891107),25.624,23.48891107,77.39820957,2,http://www.wikidata.org/entity/Q56436498,Rusalli,village in India
http://www.wikidata.org/entity/Q24928600,,https://en.wikipedia.org/wiki/Semri_Kalan,Point(77.4314703 23.1218049),15.493,23.1218049,77.4314703,2,http://www.wikidata.org/entity/Q56436498,Semri Kalan,village in India
http://www.wikidata.org/entity/Q24928618,,https://en.wikipedia.org/wiki/Rondia,Point(77.3295708 23.5069971),28.603,23.5069971,77.3295708,2,http://www.wikidata.org/entity/Q56436498,Rondia,village in India
http://www.wikidata.org/entity/Q24928622,,https://en.wikipedia.org/wiki/Ijagiri,Point(77.35486507 23.50685767),28.032,23.50685767,77.35486507,2,http://www.wikidata.org/entity/Q56436498,Ijagiri,village in India
http://www.wikidata.org/entity/Q24928727,,https://en.wikipedia.org/wiki/Keshokhedi,Point(77.4329048 23.5154596),28.746,23.5154596,77.4329048,2,http://www.wikidata.org/entity/Q56436498,Keshokhedi,village in India
http://www.wikidata.org/entity/Q24928731,,https://en.wikipedia.org/wiki/Sagoni_Jora,Point(77.4386429 23.4632724),23.075,23.4632724,77.4386429,2,http://www.wikidata.org/entity/Q56436498,Sagoni Jora,village in India
http://www.wikidata.org/entity/Q24928728,,https://en.wikipedia.org/wiki/Kotra_Chopra,Point(77.4529868 23.4498113),21.901,23.4498113,77.4529868,2,http://www.wikidata.org/entity/Q56436498,Kotra Chopra,village in India
http://www.wikidata.org/entity/Q24928742,,https://en.wikipedia.org/wiki/Mudia_Kheda,Point(77.3912953 23.4374738),19.932,23.4374738,77.3912953,2,http://www.wikidata.org/entity/Q56436498,Mudia Kheda,village in India
http://www.wikidata.org/entity/Q24928744,,https://en.wikipedia.org/wiki/Pipalkheda,Point(77.3381855 23.4755363),24.997,23.4755363,77.3381855,2,http://www.wikidata.org/entity/Q56436498,Pipalkheda,village in India
http://www.wikidata.org/entity/Q24928745,,https://en.wikipedia.org/wiki/Ratua_Ratanpur,Point(77.4185584 23.4587113),22.327,23.4587113,77.4185584,2,http://www.wikidata.org/entity/Q56436498,Ratua Ratanpur,village in India
http://www.wikidata.org/entity/Q24928748,,https://en.wikipedia.org/wiki/Jetpura,Point(77.3984704 23.4482974),21.108,23.4482974,77.3984704,2,http://www.wikidata.org/entity/Q56436498,Jetpura,village in India
http://www.wikidata.org/entity/Q24928882,,https://en.wikipedia.org/wiki/Budhor_Kalan,Point(77.4964835 23.5003957),28.575,23.5003957,77.4964835,2,http://www.wikidata.org/entity/Q56436498,Budhor Kalan,village in India
http://www.wikidata.org/entity/Q24928937,,https://en.wikipedia.org/wiki/Khejra_Babbar,Point(77.4883235 23.5149904),29.851,23.5149904,77.4883235,2,http://www.wikidata.org/entity/Q56436498,Khejra Babbar,village in India
http://www.wikidata.org/entity/Q24928954,,https://en.wikipedia.org/wiki/Sukaliya,Point(77.4615923 23.4826916),25.661,23.4826916,77.4615923,2,http://www.wikidata.org/entity/Q56436498,Sukaliya,village in India
http://www.wikidata.org/entity/Q24928955,,https://en.wikipedia.org/wiki/Barri_Mustsil_Bagraj,Point(77.4788014 23.5016429),28.15,23.5016429,77.4788014,2,http://www.wikidata.org/entity/Q56436498,Barri Mustsil Bagraj,village in India
http://www.wikidata.org/entity/Q24928957,,https://en.wikipedia.org/wiki/Pipaliya_Kadim,Point(77.4443807 23.4871424),25.79,23.4871424,77.4443807,2,http://www.wikidata.org/entity/Q56436498,Pipaliya Kadim,village in India
http://www.wikidata.org/entity/Q24928966,,https://en.wikipedia.org/wiki/Bhens_Kheda,Point(77.4759334 23.4633769),24.0,23.4633769,77.4759334,2,http://www.wikidata.org/entity/Q56436498,Bhens Kheda,village in India
http://www.wikidata.org/entity/Q97101568,https://de.wikipedia.org/wiki/Moti_Masjid_(Bhopal),,Point(77.399057 23.255669),0.433,23.255669,77.399057,2,http://www.wikidata.org/entity/Q32815,Moti Masjid,mosque
http://www.wikidata.org/entity/Q24929077,,https://en.wikipedia.org/wiki/Pipaliya_Junnardar,Point(77.4730653 23.4426641),21.726,23.4426641,77.4730653,2,http://www.wikidata.org/entity/Q56436498,Pipaliya Junnardar,village in India
http://www.wikidata.org/entity/Q25247646,,https://en.wikipedia.org/wiki/Jhagariya_Khurd_(census_code_482501),Point(77.27781057 23.1520404),17.353,23.1520404,77.27781057,2,http://www.wikidata.org/entity/Q56436498,Jhagariya Khurd,village in India
http://www.wikidata.org/entity/Q25247647,,https://en.wikipedia.org/wiki/Neelbad_(census_code_482470),Point(77.253879 23.30847),16.116,23.30847,77.253879,2,http://www.wikidata.org/entity/Q56436498,Neelbad,village in India
http://www.wikidata.org/entity/Q25247645,,https://en.wikipedia.org/wiki/Jhagariya_Khurd_(census_code_482441),Point(77.514666 23.192771),13.636,23.192771,77.514666,2,http://www.wikidata.org/entity/Q56436498,Jhagariya Khurd,village in India
http://www.wikidata.org/entity/Q25247651,,"https://en.wikipedia.org/wiki/Kolu_Khedi,_Berasia_(census_code_482280)",Point(77.416705 23.52134),29.265,23.52134,77.416705,2,http://www.wikidata.org/entity/Q56436498,"Kolu Khedi, Berasia",village in India
http://www.wikidata.org/entity/Q25247648,,https://en.wikipedia.org/wiki/Bandikhedi_(census_code_482303),Point(77.405087 23.472233),23.769,23.472233,77.405087,2,http://www.wikidata.org/entity/Q56436498,Bandikhedi,village in India
http://www.wikidata.org/entity/Q25247649,,https://en.wikipedia.org/wiki/Manikhedi_(census_code_482297),Point(77.361327 23.477186),24.669,23.477186,77.361327,2,http://www.wikidata.org/entity/Q56436498,Manikhedi,village in India
http://www.wikidata.org/entity/Q25247657,,https://en.wikipedia.org/wiki/Kajlas,Point(77.2606305 23.2205735),15.045,23.2205735,77.2606305,2,http://www.wikidata.org/entity/Q56436498,Kajlas,village in India
http://www.wikidata.org/entity/Q25247671,,https://en.wikipedia.org/wiki/Amoni,Point(77.5425957 23.3685407),18.865,23.3685407,77.5425957,2,http://www.wikidata.org/entity/Q56436498,Amoni,village in India
http://www.wikidata.org/entity/Q30282416,,https://en.wikipedia.org/wiki/People%27s_University_(Bhopal),Point(77.423988 23.301237),5.258,23.301237,77.423988,2,http://www.wikidata.org/entity/Q2385804,People’s University,educational institution
http://www.wikidata.org/entity/Q30282416,,https://en.wikipedia.org/wiki/People%27s_University_(Bhopal),Point(77.423988 23.301237),5.258,23.301237,77.423988,2,http://www.wikidata.org/entity/Q4671277,People’s University,academic institution
http://www.wikidata.org/entity/Q30644802,,"https://en.wikipedia.org/wiki/Indian_Institute_of_Information_Technology,_Bhopal",Point(77.408 23.217),4.653,23.217,77.408,2,http://www.wikidata.org/entity/Q4671277,"Indian Institute of Information Technology, Bhopal",academic institution
http://www.wikidata.org/entity/Q31293240,,https://en.wikipedia.org/wiki/Dewanganj_railway_station,Point(77.59244 23.42856),27.122,23.42856,77.59244,2,http://www.wikidata.org/entity/Q55488,Dewanganj railway station,railway station
http://www.wikidata.org/entity/Q4729598,,"https://en.wikipedia.org/wiki/All_Saints_School,_Bhopal",Point(77.388821 23.265728),1.568,23.265728,77.388821,1,http://www.wikidata.org/entity/Q3914,"All Saints School, Bhopal",school
http://www.wikidata.org/entity/Q4835585,,"https://en.wikipedia.org/wiki/BHEL_Township,_Bhopal",Point(77.464461 23.240064),6.703,23.240064,77.464461,1,http://www.wikidata.org/entity/Q486972,"BHEL township, Bhopal",human settlement
http://www.wikidata.org/entity/Q4902011,,https://en.wikipedia.org/wiki/Bhopal_School_of_Social_Sciences,Point(77.443 23.2155),6.356,23.2155,77.443,1,http://www.wikidata.org/entity/Q38723,Bhopal School of Social Sciences,higher education institution
http://www.wikidata.org/entity/Q4902015,,https://en.wikipedia.org/wiki/Sukhi_Sewaniya,Point(77.4852541 23.353676),13.577,23.353676,77.4852541,1,http://www.wikidata.org/entity/Q56436498,Bhopal Sukhsewanagar,village in India
http://www.wikidata.org/entity/Q4902013,,https://en.wikipedia.org/wiki/Nishatpura_railway_station,Point(77.425333333 23.287722222),4.032,23.287722222222,77.425333333333,1,http://www.wikidata.org/entity/Q55488,Bhopal Nishatpura railway station,railway station
http://www.wikidata.org/entity/Q4968197,,"https://en.wikipedia.org/wiki/Brindavan_Nagar,_Bhopal",Point(77.47861111 23.25861111),7.827,23.25861111,77.47861111,1,http://www.wikidata.org/entity/Q486972,"Brindavan Nagar, Bhopal",human settlement
http://www.wikidata.org/entity/Q5636821,,https://en.wikipedia.org/wiki/Habibganj,Point(77.439 23.221),5.628,23.221,77.439,1,http://www.wikidata.org/entity/Q486972,Rani Kamalapati,human settlement
http://www.wikidata.org/entity/Q6165967,,https://en.wikipedia.org/wiki/Jawaharlal_Nehru_Cancer_Hospital_%26_Research_Centre,Point(77.380603 23.273298),2.736,23.273298,77.380603,1,http://www.wikidata.org/entity/Q16917,Jawaharlal Nehru Cancer Hospital & Research Centre,hospital
http://www.wikidata.org/entity/Q6479886,,https://en.wikipedia.org/wiki/Lakshmi_Narain_College_of_Technology,Point(77.3126 23.153),14.867,23.153,77.3126,1,http://www.wikidata.org/entity/Q1663017,Lakshmi Narain College of Technology,engineering school
http://www.wikidata.org/entity/Q7102340,,https://en.wikipedia.org/wiki/Oriental_Institute_of_Science_and_Technology,Point(77.502 23.246),10.311,23.246,77.502,1,http://www.wikidata.org/entity/Q1663017,Oriental Institute of Science and Technology,engineering school
http://www.wikidata.org/entity/Q7894797,,https://en.wikipedia.org/wiki/University_Institute_of_Technology_RGPV,Point(77.3619 23.3121),7.232,23.3121,77.3619,1,http://www.wikidata.org/entity/Q1663017,University Institute of Technology RGPV,engineering school
http://www.wikidata.org/entity/Q11737338,,,Point(77.4208 23.2489),2.197,23.2489,77.4208,1,http://www.wikidata.org/entity/Q16970,Q11737338,church building
http://www.wikidata.org/entity/Q12450863,,,Point(77.40855556 23.23819444),2.354,23.23819444,77.40855556,1,http://www.wikidata.org/entity/Q842402,Q12450863,Hindu temple
http://www.wikidata.org/entity/Q17027315,,https://en.wikipedia.org/wiki/Jagran_Lakecity_University,Point(77.296505555 23.202952777),12.421,23.202952777778,77.296505555556,1,http://www.wikidata.org/entity/Q3918,Jagran Lakecity University,university
http://www.wikidata.org/entity/Q17027547,,https://en.wikipedia.org/wiki/Hamidia_Hospital,Point(77.393579 23.260148),0.879,23.260148,77.393579,1,http://www.wikidata.org/entity/Q16917,Hamidia Hospital,hospital
http://www.wikidata.org/entity/Q17085131,,https://en.wikipedia.org/wiki/Radharaman_Institute_of_Technology_%26_Science,Point(77.32694444 23.15944444),13.42,23.15944444,77.32694444,1,http://www.wikidata.org/entity/Q1663017,Radharaman Institute Of Technology & Science,engineering school
http://www.wikidata.org/entity/Q18129259,,https://en.wikipedia.org/wiki/Patel_College_of_Science_%26_Technology,Point(77.3318 23.1649),12.638,23.1649,77.3318,1,http://www.wikidata.org/entity/Q1663017,Patel College of Science & Technology,engineering school
http://www.wikidata.org/entity/Q21036684,,https://en.wikipedia.org/wiki/Remember_Bhopal_Museum,Point(77.4006 23.292665),3.803,23.292665,77.4006,1,http://www.wikidata.org/entity/Q33506,Remember Bhopal Museum,museum
http://www.wikidata.org/entity/Q23043475,,,Point(77.454 23.201),8.312,23.201,77.454,1,http://www.wikidata.org/entity/Q682943,Barkatullah University Stadium,cricket field
http://www.wikidata.org/entity/Q24748108,,https://en.wikipedia.org/wiki/Bharat_Heavy_Electrical_Ltd_Sports_Complex,Point(77.455 23.225),6.572,23.225,77.455,1,http://www.wikidata.org/entity/Q17350442,Bharat Heavy Electrical Ltd Sports Complex,venue
http://www.wikidata.org/entity/Q24909246,,"https://en.wikipedia.org/wiki/Mahua_Kheda,_Huzur",Point(77.358043 23.156418),12.205,23.156418,77.358043,1,http://www.wikidata.org/entity/Q56436498,"Mahua Kheda, Huzur",village in India
http://www.wikidata.org/entity/Q24911295,,"https://en.wikipedia.org/wiki/Kotra,_Huzur_tehsil,_Bhopal",Point(77.491726 23.103019),19.569,23.103019,77.491726,1,http://www.wikidata.org/entity/Q56436498,"Kotra, Huzur tehsil, Bhopal",village in India
http://www.wikidata.org/entity/Q24911455,,https://en.wikipedia.org/wiki/Gudari_Ghat,Point(77.455072 23.134835),14.78,23.134835,77.455072,1,http://www.wikidata.org/entity/Q56436498,Gudari Ghat,village in India
http://www.wikidata.org/entity/Q24912446,,"https://en.wikipedia.org/wiki/Bandori,_India",Point(77.4558554 23.0959607),18.891,23.0959607,77.4558554,1,http://www.wikidata.org/entity/Q56436498,Bandori,village in India
http://www.wikidata.org/entity/Q24927853,,"https://en.wikipedia.org/wiki/Ghasipura,_Bhopal",Point(77.4271665 23.3511671),10.621,23.3511671,77.4271665,1,http://www.wikidata.org/entity/Q56436498,"Ghasipura, Bhopal",village in India
http://www.wikidata.org/entity/Q24927896,,https://en.wikipedia.org/wiki/Samarda,Point(77.5827175 23.3322478),20.197,23.3322478,77.5827175,1,http://www.wikidata.org/entity/Q56436498,Samarda,village in India
http://www.wikidata.org/entity/Q24927968,,https://en.wikipedia.org/wiki/Chhindwada,Point(77.2548837 23.3897266),20.941,23.3897266,77.2548837,1,http://www.wikidata.org/entity/Q56436498,Chhindwada,village in India
http://www.wikidata.org/entity/Q24928596,,https://en.wikipedia.org/wiki/Khadampur,Point(77.3773025 23.4827639),25.064,23.4827639,77.3773025,1,http://www.wikidata.org/entity/Q56436498,Khadampur,village in India
http://www.wikidata.org/entity/Q24928729,,https://en.wikipedia.org/wiki/Berkhedi_Kalan,Point(77.4271665 23.4389351),20.228,23.4389351,77.4271665,1,http://www.wikidata.org/entity/Q56436498,Berkhedi Kalan,village in India
http://www.wikidata.org/entity/Q24948533,,https://en.wikipedia.org/wiki/Mandideep_railway_station,Point(77.511077 23.093747),21.444,23.093747,77.511077,1,http://www.wikidata.org/entity/Q22808404,Mandideep railway station,station located on surface
http://www.wikidata.org/entity/Q24948533,,https://en.wikipedia.org/wiki/Mandideep_railway_station,Point(77.511077 23.093747),21.444,23.093747,77.511077,1,http://www.wikidata.org/entity/Q55488,Mandideep railway station,railway station
http://www.wikidata.org/entity/Q24952450,,https://en.wikipedia.org/wiki/Sarvepalli_Radhakrishnan_University,Point(77.468161111 23.168422222),12.083,23.168422222222,77.468161111111,1,http://www.wikidata.org/entity/Q3918,Sarvepalli Radhakrishnan University,university
http://www.wikidata.org/entity/Q25247643,,https://en.wikipedia.org/wiki/Neelbad_(census_code_482510),Point(77.343074 23.193448),9.409,23.193448,77.343074,1,http://www.wikidata.org/entity/Q56436498,Neelbad,village in India
http://www.wikidata.org/entity/Q25247644,,https://en.wikipedia.org/wiki/Ratibad_(census_code_482517),Point(77.328515 23.165964),12.736,23.165964,77.328515,1,http://www.wikidata.org/entity/Q56436498,Ratibad,village in India
http://www.wikidata.org/entity/Q25247650,,"https://en.wikipedia.org/wiki/Ratanpur,_Bhopal_(census_code_482555)",Point(77.498476 23.137586),16.672,23.137586,77.498476,1,http://www.wikidata.org/entity/Q56436498,"Ratanpur, Bhopal",village in India
http://www.wikidata.org/entity/Q25247652,,"https://en.wikipedia.org/wiki/Ratanpur,_Bhopal_(census_code_482467)",Point(77.213845 23.312129),20.12,23.312129,77.213845,1,http://www.wikidata.org/entity/Q56436498,"Ratanpur, Bhopal",village in India
http://www.wikidata.org/entity/Q25247668,,"https://en.wikipedia.org/wiki/Kalyanpur,_Bhopal_(census_code_482497)",Point(77.245063 23.162311),19.275,23.162311,77.245063,1,http://www.wikidata.org/entity/Q56436498,"Kalyanpur, Bhopal",village in India
http://www.wikidata.org/entity/Q25247669,,https://en.wikipedia.org/wiki/Mohammad_Nagar_(Sattikheda),Point(77.4329048 23.3340776),8.978,23.3340776,77.4329048,1,http://www.wikidata.org/entity/Q56436498,Mohammad Nagar,village in India
http://www.wikidata.org/entity/Q25247682,,"https://en.wikipedia.org/wiki/Kalyanpur,_Bhopal_(census_code_482425)",Point(77.49957561 23.32594203),12.473,23.32594203,77.49957561,1,http://www.wikidata.org/entity/Q56436498,"Kalyanpur, Bhopal",village in India
http://www.wikidata.org/entity/Q25247683,,"https://en.wikipedia.org/wiki/Prempura,_Bhopal_(census_code_482424)",Point(77.55830526 23.36010415),19.556,23.36010415,77.55830526,1,http://www.wikidata.org/entity/Q56436498,"Prempura, Bhopal",village in India
http://www.wikidata.org/entity/Q25247680,,https://en.wikipedia.org/wiki/Ratibad_(census_code_482350),Point(77.281946 23.346446),15.682,23.346446,77.281946,1,http://www.wikidata.org/entity/Q56436498,Ratibad,village in India
http://www.wikidata.org/entity/Q25247684,,"https://en.wikipedia.org/wiki/Prempura,_Bhopal_(census_code_482362)",Point(77.34497309 23.34012806),10.785,23.34012806,77.34497309,1,http://www.wikidata.org/entity/Q56436498,"Prempura, Bhopal",village in India
http://www.wikidata.org/entity/Q26789863,,,Point(77.3226 23.092),20.212,23.092,77.3226,1,http://www.wikidata.org/entity/Q54050,Q26789863,hill
http://www.wikidata.org/entity/Q26790329,,,Point(77.3373 23.0402),25.156,23.0402,77.3373,1,http://www.wikidata.org/entity/Q54050,Q26790329,hill
http://www.wikidata.org/entity/Q28154148,,https://en.wikipedia.org/wiki/Technocrats_Institute_of_Technology,Point(77.498 23.26),9.809,23.26,77.498,1,http://www.wikidata.org/entity/Q4671277,Technocrats Institute of Technology,academic institution
http://www.wikidata.org/entity/Q28154478,,https://en.wikipedia.org/wiki/Kushabhau_Thakre_Inter_State_Bus_Terminal,Point(77.44277778 23.22944444),5.272,23.22944444,77.44277778,1,http://www.wikidata.org/entity/Q16963757,Kushabhau Thakre Inter State Bus Terminal,Inter State Bus Terminal
http://www.wikidata.org/entity/Q28154478,,https://en.wikipedia.org/wiki/Kushabhau_Thakre_Inter_State_Bus_Terminal,Point(77.44277778 23.22944444),5.272,23.22944444,77.44277778,1,http://www.wikidata.org/entity/Q22808404,Kushabhau Thakre Inter State Bus Terminal,station located on surface
http://www.wikidata.org/entity/Q29866146,,,Point(77.398332405 23.242658296),1.799,23.242658296391,77.398332405511,1,http://www.wikidata.org/entity/Q41176,"Ravindra Bhawan, Bhopal",building
http://www.wikidata.org/entity/Q30621632,,https://en.wikipedia.org/wiki/IPER_Bhopal,Point(77.4975 23.1442),16.024,23.1442,77.4975,1,http://www.wikidata.org/entity/Q4671277,IPER Bhopal,academic institution
http://www.wikidata.org/entity/Q30646349,,https://en.wikipedia.org/wiki/Kamla_Nehru_Hospital,Point(77.392 23.258),1.022,23.258,77.392,1,http://www.wikidata.org/entity/Q16917,Kamla Nehru Hospital,hospital
http://www.wikidata.org/entity/Q33228314,,,Point(77.348055555 23.251666666),5.562,23.251666666667,77.348055555556,1,http://www.wikidata.org/entity/Q187223,Bara Talao,lagoon
http://www.wikidata.org/entity/Q34888708,,,Point(77.5 23.45),23.528,23.45,77.5,1,http://www.wikidata.org/entity/Q131681,HalÄli Reservoir,reservoir
http://www.wikidata.org/entity/Q48732178,,https://en.wikipedia.org/wiki/Sri_Satya_Sai_University_of_Technology_%26_Medical_Sciences,Point(77.1272 23.215652777),28.476,23.215652777778,77.1272,1,http://www.wikidata.org/entity/Q4671277,Sri Satya Sai University of Technology & Medical Sciences,academic institution
http://www.wikidata.org/entity/Q48733077,,https://en.wikipedia.org/wiki/LNCT_University,Point(77.428216666 23.180138888),9.114,23.180138888889,77.428216666667,1,http://www.wikidata.org/entity/Q4671277,LNCT University,academic institution
http://www.wikidata.org/entity/Q55621687,,https://en.wikipedia.org/wiki/Madhya_Pradesh_Road_Development_Corporation_Limited,Point(77.4262333 23.2385583),3.323,23.2385583,77.4262333,1,http://www.wikidata.org/entity/Q43229,Madhya Pradesh Road Development Corporation Limited,organization
http://www.wikidata.org/entity/Q58814852,,https://en.wikipedia.org/wiki/Misrod_railway_station,Point(77.458046 23.168701),11.51,23.168701,77.458046,1,http://www.wikidata.org/entity/Q55488,Misrod railway station,railway station
http://www.wikidata.org/entity/Q60749292,,https://en.wikipedia.org/wiki/Bhabha_University,Point(77.471255555 23.172058333),11.935,23.172058333333,77.471255555556,1,http://www.wikidata.org/entity/Q4671277,Bhabha University,academic institution
http://www.wikidata.org/entity/Q60750110,,https://en.wikipedia.org/wiki/Mansarovar_Global_University,Point(77.255444444 23.077913888),25.05,23.077913888889,77.255444444444,1,http://www.wikidata.org/entity/Q4671277,Mansarovar Global University,academic institution
http://www.wikidata.org/entity/Q63355136,,https://en.wikipedia.org/wiki/Itayakalan_railway_station,Point(77.5462 23.049837),27.488,23.049837,77.5462,1,http://www.wikidata.org/entity/Q55488,Itayakalan railway station,railway station
http://www.wikidata.org/entity/Q113245178,,https://en.wikipedia.org/wiki/Gairatganj_tehsil,Point(77.13 23.24),27.862,23.24,77.13,1,http://www.wikidata.org/entity/Q56061,Gairatganj tehsil,administrative territorial entity
http://www.wikidata.org/entity/Q115804588,,https://en.wikipedia.org/wiki/Tribal_Museum_Bhopal,Point(77.3848 23.2344),3.202,23.2344,77.3848,1,http://www.wikidata.org/entity/Q33506,Tribal Museum Bhopal,museum
